threshold,GP_mean,GP_std,LR_mean,LR_std,RF_mean,RF_std,XGB_mean,XGB_std,LR_platt_mean,LR_platt_std,RF_platt_mean,RF_platt_std,APACHE-IV_mean,APACHE-IV_std
0.01,0.1604175807937564,0.0001396903935297996,0.16039405851318075,0.00013151991110961354,0.16043703191038616,2.4313165234429434e-06,0.16040657357271781,0.00025026558141842545,0.16037973404744563,0.0002489258239934343,0.1604530149984695,0.0003065255804275043,0.1488970018545371,0.00268299928710913
0.012462311557788945,0.15835088382306525,0.0001370815318597779,0.15830303528598696,0.00013071390497098586,0.15834725294918872,6.250699301314089e-06,0.15831737040142607,0.00030069340944712723,0.1583065750082181,0.00031233677126462674,0.1583734742391929,0.0004124496863211043,0.1469398259149973,0.0026858894084619608
0.014924623115577889,0.156225221261537,0.00021048065628876002,0.15618745411845347,0.00018609289153441355,0.15624716452299142,9.294772328867406e-06,0.15618133093114933,0.0003861435561782808,0.15622001567660834,0.000322146336737068,0.15637288747087216,0.00047130840498399424,0.14500564129277885,0.002688826444144973
0.017386934673366834,0.1541370181560212,0.00022275077303978634,0.15407588934691602,0.0001850699449348482,0.1541385052669453,1.342952907711858e-05,0.15407932924518294,0.0004999475221109517,0.15417582350637762,0.0003292627584267595,0.15432771646651514,0.0006630947280516695,0.14282664775817672,0.0027007196923321927
0.01984924623115578,0.1520307487919683,0.0003012844897894508,0.15195620645151708,0.00018539093973206374,0.15199815373776074,0.00010987709733890487,0.15200133747632621,0.0005732110714920772,0.152081294468304,0.0003977889259382581,0.15220944377217302,0.0007465394937903391,0.1408390804524795,0.002655717893351789
0.022311557788944725,0.14987248010798943,0.00041799760863220386,0.14982538634988726,0.00018552036862612,0.14988590083162454,0.0001077521498345183,0.149909341830281,0.0005812221268477756,0.15004636640582653,0.0005164156030956409,0.1502333573206134,0.0007833130736510543,0.138427123287833,0.0027710574352525223
0.024773869346733667,0.14778512804642732,0.00044796462095937753,0.14768478844523214,0.0001851045218475909,0.14776773289521092,0.00010898685823755728,0.14788214476222536,0.0006287601294148285,0.1479955466874513,0.0006555714723895479,0.1481434673922987,0.0008634890110151734,0.13618247253792382,0.0027746464845086276
0.027236180904522615,0.1457229307370566,0.00045893629631061684,0.14553528775253025,0.00018534794785758817,0.14564873381971186,0.00011433250461075027,0.14585986398655845,0.0007394134965727108,0.14598998967005067,0.0006296339438454849,0.14623593342718644,0.001072660701795851,0.1343561028555401,0.0028159656713085987
0.029698492462311557,0.14357962205330146,0.00042581719715094796,0.14338355397679173,0.00018448333125856402,0.14352671948218781,0.00011722989561036605,0.14391196740038892,0.0007887561234647601,0.14403829731772214,0.0007181894784768083,0.144348785081979,0.00113246458029518,0.13214978669360938,0.002796964668606615
0.032160804020100506,0.14152238589879584,0.0005266272295196142,0.14122406639325752,0.00018779886763853183,0.14139028515438443,0.00014356175347222635,0.14191795957828832,0.0008119190557438563,0.14214636892690388,0.0006780311953258984,0.14251131234695527,0.0012558845938508152,0.13027745226343057,0.002772056162227612
0.03462311557788945,0.13946979812010443,0.0006108013826291696,0.1390612771305227,0.000185401432885934,0.13927268789264163,0.00015068452315403135,0.1399876617871337,0.0009019520741528249,0.14013580488283375,0.0008802941150374486,0.14065029699912018,0.0013403119281658448,0.1284387431167813,0.002704867875008421
0.037085427135678396,0.13729061530961123,0.0007930278381300209,0.1368928565157452,0.00018835545756911776,0.13713719646438494,0.0001591996750570456,0.13800760290256384,0.0010322717394995668,0.13819741449461187,0.001025167021030128,0.13880211555315658,0.0014562335810008491,0.12666240848661992,0.0028992657887863707
0.03954773869346734,0.13519908431550082,0.0009267141926937572,0.13472352310568578,0.000188738079438463,0.1350124139330619,0.00017631611162798174,0.1361404760291959,0.0011250420050614002,0.13632592958525658,0.0010937599289276652,0.13692723082252145,0.0014854135513750063,0.1245382877503103,0.0028348622707765852
0.04201005025125629,0.13304216367654226,0.0011211904282602625,0.13254406226319346,0.00019195895814724917,0.13288262376487883,0.00018975293482632064,0.13424496625691873,0.001127207955763224,0.13443598380001348,0.0012100456578916666,0.13518011500705007,0.0015888297955078932,0.12235028400387692,0.002809782081926942
0.04447236180904523,0.13110521909836426,0.0013000528111807342,0.1303145939929967,0.00023153454275338744,0.1307477691911034,0.00019653920393474775,0.13233921319099082,0.0010399231497058784,0.13252209298706166,0.0014377682599013262,0.13331843713393673,0.001747621455724219,0.12040566592216911,0.0028577550180082503
0.04693467336683418,0.12900732459907316,0.0012701950928059348,0.12810395680286263,0.000294397170959724,0.12863590233366276,0.00022868873089765086,0.13047676220504545,0.0011878699123714954,0.13083016052940452,0.0016515992678459899,0.1315541751577925,0.001725877704437847,0.11832720279601844,0.0028583442716779216
0.04939698492462312,0.12707831730385794,0.0013310327456551973,0.1259053883637135,0.00031186084919673974,0.126482505821287,0.00023146609918128858,0.12874713662419668,0.0012176848685737736,0.12917145232522936,0.0017320096823006746,0.12978993810557463,0.0017991017823854817,0.11640390833392963,0.002752438017417132
0.05185929648241206,0.12501862152575274,0.0013520025153903098,0.12371279978979205,0.00031647129576904264,0.12439700735300656,0.0002608405094974665,0.1269341995329436,0.0012422152916740006,0.12729023405446907,0.0018197635719515303,0.1280981536769479,0.0018494336045844835,0.11409753290692362,0.0030540818131158656
0.05432160804020101,0.12306918729353132,0.001434965170346071,0.12151466392301495,0.00033204495808381875,0.12229324711225797,0.0002735829659089019,0.12510867882988136,0.001125727638136509,0.12560957564008407,0.0018358152269340843,0.12653894116484202,0.0017551745772539347,0.11228241819222108,0.003105736589968418
0.05678391959798995,0.12113286256912366,0.001531396359416207,0.11928889425444826,0.0003384546686568361,0.12023395376324666,0.0003080895157614729,0.12342053136056776,0.0011718451449190801,0.12392514313040466,0.0018580899128128605,0.12496836533542209,0.0018391579984566823,0.11094729951641656,0.0031068074941009685
0.0592462311557789,0.11915884765680956,0.001723053552393972,0.11706712562122952,0.0004003997835255022,0.1180985310821066,0.00037365050925964823,0.12170911041918889,0.0011661643060276866,0.12222349987795025,0.0016510899977114507,0.12318241306119572,0.001962701525929996,0.10936177707478277,0.0032963404123366297
0.06170854271356784,0.11731712377488462,0.0019517309602224253,0.11483682034165148,0.0003725018846390233,0.11608088943431555,0.0003746225964069129,0.11994943419019298,0.001169606428470058,0.12062100675477147,0.00178628105722652,0.12158987458384672,0.001976358197747395,0.10763421535058092,0.003270740504415508
0.06417085427135678,0.11541837397647876,0.0021117179395413336,0.11263343652639796,0.00038042127536558454,0.11402289135570373,0.0004001242018022686,0.11824514526123771,0.001334445587818114,0.11899577282687158,0.0020527327229325786,0.1200844504806791,0.001990872834481017,0.10560091754256386,0.0034125969292240444
0.06663316582914573,0.11347446900407474,0.0021110336938640383,0.1103910827361851,0.00040463976233958023,0.11195762091489528,0.00040626974627198194,0.11657371193021696,0.0014270293135218665,0.11725584720501604,0.0020344009260055158,0.11860084062309642,0.0019941237306972284,0.10435622283844218,0.003403276451629556
0.06909547738693467,0.11163877461518115,0.002142500949369626,0.10816070398647533,0.0004358100743292874,0.1099329587532854,0.0003896437999880698,0.11491627952607988,0.0013170376268167375,0.11569730934522225,0.002226047394921996,0.11711168444380787,0.0023258266585842314,0.10249302704594661,0.003462942138260706
0.07155778894472362,0.10991386945429842,0.002342394978723609,0.10594929379260963,0.0004424034648282168,0.10782256392068938,0.0004617356201675393,0.11323786067535645,0.0013854853910876994,0.11403320222963227,0.002295718667367998,0.11556526081240343,0.0027069895617288665,0.1015675512481027,0.0035012596032932847
0.07402010050251256,0.1080070414661897,0.002642807165191955,0.1037506377565848,0.00048208672228131717,0.10571276792226932,0.000520156835358652,0.11148805241450406,0.001563696283312062,0.11223422508717888,0.002324638551061628,0.11419981516410482,0.0027542643048913376,0.0998473420694992,0.0035257420690986245
0.0764824120603015,0.10625813969729671,0.0027772434730685704,0.10154231247142187,0.0005140749953425713,0.1036628245922717,0.0005672769196454051,0.10993127828887225,0.0016123482274742799,0.11069755694025342,0.0024441998534943154,0.11272955938429276,0.0027677128181013973,0.0979622242518152,0.0036637710142659588
0.07894472361809045,0.10451983964845626,0.00300381887486742,0.09934783184635973,0.0005421694768112743,0.10172889621078941,0.0006493017303804814,0.10835885396060435,0.001691508772142116,0.10906571810227404,0.0024782148034754497,0.11128981990947485,0.002684610995769511,0.09657446441817633,0.003690366156012987
0.0814070351758794,0.10289904139975824,0.0030623545514951223,0.09715998305374293,0.0005615517657234128,0.09969173033762184,0.0006537273111868156,0.10661527913470871,0.0016857361473831976,0.10773974887005901,0.0025713678864455543,0.1099544234532539,0.002579751193814816,0.09508273144747247,0.0037326842764981425
0.08386934673366835,0.10114529442521361,0.0032621466483656147,0.09497967357902783,0.0005969603032962527,0.09767498129382682,0.0007050991701794012,0.10504787341702108,0.0016181094204410127,0.10629171899535565,0.002591920580016127,0.10846351669636752,0.002744705778833343,0.09350485464059967,0.003942541952810189
0.08633165829145728,0.09934222168451552,0.0033801273883890866,0.0927477835238068,0.0006350038540991025,0.09567127645636517,0.0007936808149104507,0.1032871888029888,0.0016048237209035684,0.10492202795541833,0.002671297612611491,0.10706351885578022,0.0027258390521818217,0.09226860319830252,0.0038901156115235453
0.08879396984924623,0.09781168595313887,0.003488916861073325,0.09058603631538861,0.0006701043776970825,0.09369286995352638,0.00080433323848418,0.10177358061897014,0.0016203486504724797,0.1033051790033251,0.0025537602554734154,0.10559959731616667,0.0029193705333240287,0.09095562172178585,0.003960672508843235
0.09125628140703518,0.09592594364577979,0.003602009759789363,0.08838454002401559,0.0007193511971131857,0.09179723199813353,0.0008402983738841763,0.1002672175978356,0.001656181091608614,0.10202576231224153,0.0026659780478232014,0.10396571320535347,0.0031340760010107947,0.08956834856507136,0.003923085155147612
0.09371859296482411,0.09418721612157749,0.003797680377812619,0.08621461073207198,0.0007631425529013995,0.08983101765144345,0.0009103570065108968,0.09862505081571458,0.0015588771655851762,0.10063056802729659,0.002765812548332039,0.1025074479707712,0.003384948792901135,0.08841440004666909,0.003989087760768567
0.09618090452261306,0.09232115931272751,0.00381768610667726,0.08399298374528151,0.0007622644877931384,0.0879662636546343,0.000978204227375256,0.09716694115824472,0.0018132003726195494,0.09934380303786393,0.002919168436292748,0.10099957162615093,0.003610592984248899,0.08704605216121962,0.003986824335118698
0.09864321608040201,0.09083025100465453,0.003928514623878828,0.08178827834692325,0.0008497506552220498,0.0861461308872074,0.000982345124619504,0.09582429714962545,0.0018549025025656834,0.09786585902993329,0.002870783627281478,0.09934676494532543,0.003646982548073673,0.0855966674612784,0.00421353311606189
0.10110552763819096,0.08926931795817121,0.004620908440313178,0.07962332041121135,0.0009198829379491669,0.08425437166415514,0.0010715279318866866,0.09434460554147804,0.0019602343184589636,0.09651212527114693,0.003094319679646417,0.09796400472021963,0.0035777646582518976,0.08490208861912306,0.0042670921924406495
0.1035678391959799,0.08764075125824179,0.004589442596599535,0.07740805264209043,0.0009043243134839616,0.08252838970078033,0.001055173019033957,0.09271090148594109,0.0020474868568100216,0.09490935162120535,0.003296611493016973,0.09652158107789029,0.0034627818965655335,0.08320185178551026,0.004097702874101032
0.10603015075376884,0.08614023000253156,0.004568399473104806,0.07525682564352101,0.0009720809725715613,0.08077074082772752,0.0010366066444075053,0.09116497466209625,0.0021703355863606634,0.09368545689997107,0.0032457760338160868,0.09525738616277662,0.0034415396114517846,0.08204152340603336,0.004461016508337488
0.10849246231155779,0.08456307577882578,0.004778589113032995,0.07307854044460659,0.0010607088298641004,0.07895787051648501,0.001142615070633611,0.08976813702065357,0.002283955301403896,0.09240158261011963,0.0035121137390272316,0.09374509363760836,0.0037094508154396507,0.08068087532124492,0.0044368593868434865
0.11095477386934673,0.08328015860584644,0.004691707054176474,0.07088454592333222,0.00110115669470731,0.07721986304474397,0.0012053986742444037,0.08841649539412799,0.002103760156887385,0.09126084634672191,0.0035877131292920035,0.09259682783582152,0.0037821829223494514,0.07934259058030073,0.004312697772708443
0.11341708542713567,0.08179976408755237,0.004842672448699241,0.06874883731095142,0.0011051702229199075,0.07551508748290908,0.001273324302816193,0.08693353643602547,0.0021474343687492964,0.08992609614835485,0.0035839271428118407,0.09133987188153439,0.0039147892368754985,0.07782305090278702,0.004141010082458083
0.11587939698492462,0.08019289745857971,0.005040859564291573,0.0665447734789556,0.0011777696996011896,0.0737908537025007,0.0013025343475847496,0.08536356599332613,0.002091567659434815,0.08861421955737023,0.0035032039335361424,0.08995719289353875,0.0040787203950693905,0.0771099631806133,0.004172517577585163
0.11834170854271357,0.07867183998019976,0.005061785687286768,0.06432741074696245,0.001218136950557807,0.07210425276678559,0.0014146100278179911,0.08399261728238448,0.0021964914325354025,0.08744790388445617,0.0035136568523298655,0.08854853050763077,0.00405931500419761,0.07567422404578004,0.004158000080150796
0.12080402010050251,0.07736851100693871,0.005054841651061646,0.062174683921526565,0.0012998184210349867,0.07040854939960943,0.0015326147326333837,0.08266735209405848,0.0021987862563644994,0.08615557140461358,0.0035198921315488575,0.08709988039489956,0.004066071797116738,0.07517594036029665,0.004222183588286478
0.12326633165829146,0.07588445908382348,0.004819999008207615,0.06003927891892032,0.0013825595770247446,0.06886726561366802,0.0015479101260259518,0.08131903849752782,0.002161991345668507,0.08485137334401016,0.0034074432093941223,0.08603180803400977,0.004151543618789101,0.07417677546166278,0.004276422873281122
0.1257286432160804,0.07468624452701099,0.004899727134944863,0.05789747063218845,0.0014627677903425302,0.06720141249873166,0.0016898850939123132,0.079864500487957,0.002124923747783338,0.083826289947485,0.0036865729233100664,0.08498360546475472,0.004166183435145258,0.07268389593554288,0.004211952475847854
0.12819095477386935,0.07369959225337953,0.00496189938721304,0.05577532488096744,0.001503973078581678,0.06567253007592411,0.0016288949373530976,0.07844483908929638,0.0021471481624730482,0.08279437069827454,0.003658170884554437,0.08393285905912094,0.004182542364483099,0.07170589542990434,0.004140762812172501
0.1306532663316583,0.07265375644885312,0.005240523561302134,0.05373366916121549,0.0014925767653719462,0.06406684804133479,0.0015998205033357497,0.07704393805649533,0.00230003357426436,0.08167071782778379,0.0038311175099889107,0.08275870697636692,0.004437068295976107,0.07064566265226183,0.00416950980042209
0.13311557788944725,0.0714882723146112,0.005200785082868595,0.05168390496977141,0.0015328208280085006,0.06260695276624387,0.0015851016204260862,0.07580484808091802,0.002321390254687248,0.08041946446696595,0.0038688463809189015,0.08175160684580425,0.004540350984820451,0.06961345580679555,0.004179487573457839
0.1355778894472362,0.07034728445310215,0.005150144476094896,0.04960457824198607,0.0015674058255222677,0.061170699158262745,0.0017099726768754315,0.074322108405555,0.002294897603590278,0.07937070780485139,0.004101208736114419,0.08060950952234644,0.004485334554998648,0.06829866008874647,0.004319902048836905
0.13804020100502515,0.0688930348742546,0.005119936299132306,0.04752432222986282,0.0015021114182906345,0.05962604657796209,0.0017602498210293875,0.07312988456751386,0.0022444281839852044,0.07836801487716076,0.003933192809673998,0.0795517833070327,0.004341301218623926,0.06709653467903377,0.004513507042437874
0.1405025125628141,0.06795098496333939,0.005130883797572699,0.045532978198859916,0.001462694671678707,0.05824672112937003,0.0016634342141761658,0.07184432746269459,0.0024502851204931462,0.07745947589178451,0.004043884021781742,0.07855773679134216,0.004059931816870717,0.06595336656716552,0.004630312008539581
0.14296482412060302,0.06659823864809762,0.005369938933162411,0.04340053204578727,0.0016486173311621819,0.05684522852205502,0.001587187530475407,0.07047983069273214,0.002401850271124465,0.07642592616662314,0.004112877111841893,0.07753419661344325,0.004063117867496535,0.06508768028248561,0.0045292461616875225
0.14542713567839197,0.06563036145212009,0.005722540028009464,0.04135518531897902,0.00164768730750745,0.05555791211401604,0.0017341472771513333,0.06927590004191769,0.002612530427556076,0.07525832009239487,0.0042387225583799875,0.07659358286601409,0.003982579029802302,0.06371413925354392,0.004529764622927002
0.14788944723618092,0.06453176529169964,0.0057762282353223185,0.039341091090648254,0.0017218148534997306,0.05416969221948549,0.0018975149053010753,0.0681143772394868,0.002780730573498374,0.07419823785641584,0.004217608859435221,0.075576604673326,0.003926056356450413,0.06272848260212392,0.004369515260573146
0.15035175879396986,0.06366260612607985,0.0057703811615006624,0.03734383979360851,0.0018077525548465803,0.052798158879752546,0.002062798873265102,0.06693314218093345,0.002899966822283336,0.07335484292240121,0.0043665044489046905,0.07457875082994389,0.0038942751790055383,0.06145598924819654,0.0044241310476408205
0.1528140703517588,0.06285487861480218,0.0058017370726362195,0.03534096331292545,0.0018506700658755615,0.05140263092528429,0.0019600714429954427,0.06583968872033567,0.002781749514657447,0.07242056936132134,0.004250309108542301,0.07359873242804899,0.0038958032698038158,0.06035143055245947,0.004266206248685795
0.15527638190954776,0.06177535088076843,0.005731369335350176,0.033460195742498956,0.0018600330658216757,0.050147539933997086,0.0020577704909677686,0.06471742921311116,0.002772257518245322,0.07151686716806001,0.004149888836778825,0.07254747549933092,0.003999395673150217,0.05929879869898746,0.0042178128620439315
0.1577386934673367,0.060737966949430754,0.005763556498582289,0.031578865947443226,0.0018568446092804233,0.04891645129142273,0.002137421600037181,0.06352864105775728,0.0029021739348247546,0.07042124379415998,0.0043546147554413455,0.07153067511596856,0.004200241857227954,0.05863697752212397,0.004209288930755442
0.16020100502512563,0.05996491692171855,0.005747743144157599,0.029731879846602274,0.001964450769419674,0.0476545408669342,0.002291848902750224,0.062296916918002744,0.0031228382085755316,0.06924827344678454,0.004162895410036165,0.07052380087737707,0.004031247378153605,0.05806713862419585,0.004349017304533614
0.16266331658291458,0.05897270888175783,0.005987417498323963,0.027831487907187317,0.0019610496465588437,0.04647433004002484,0.0024125599202381312,0.06093577667248012,0.0031932981344013436,0.06844882855867342,0.004374950817757357,0.06976057885444159,0.00405828832452253,0.05660135382198173,0.004237751159002662
0.16512562814070353,0.05815762673460585,0.006112806180295977,0.026082801410630446,0.0020135934285873155,0.045298356420260255,0.002624111787105819,0.0597483012733134,0.0031946907108272946,0.06742207121031794,0.004410620754004711,0.06905255448237478,0.003965353621821115,0.0549093018299107,0.004410180550096483
0.16758793969849248,0.05706726391489654,0.006232126874265582,0.024252192742049813,0.001950006016346493,0.04406450778319173,0.002517896086007589,0.05853007420500159,0.003257969574643488,0.06640438605633188,0.004570338063113691,0.06818700206503737,0.003998249175634941,0.05379703082844414,0.004524894284155167
0.17005025125628143,0.05632233437747003,0.006290365777845373,0.022337504710292628,0.0019214849580541915,0.04289823804776911,0.002458701557881676,0.05746560279761104,0.003223644744222759,0.06532380801261134,0.0043255434078647535,0.06730371261985328,0.004045544334657766,0.05347436770623064,0.004458896707613156
0.17251256281407037,0.055539599965128125,0.006332037937527517,0.02045184879568379,0.0019236149169855863,0.041892862611415685,0.0025285619141433703,0.05632079658690873,0.0035416944399379174,0.06462056638710886,0.004474308222235883,0.06654078964970339,0.003946450519149777,0.052849640457357995,0.004449601914261389
0.17497487437185932,0.05500610260482729,0.006387294417564439,0.018714427498310607,0.002151590882097421,0.040693697208203976,0.0026415916073139947,0.05522957837700697,0.0035949849314932656,0.06378101352792713,0.004471760341479898,0.06585653198748162,0.004170120187253867,0.05148521493125534,0.0043729480481976635
0.17743718592964824,0.05422065132072064,0.006400131839624211,0.01687728409327902,0.0021514026452642107,0.039543677760576414,0.002674223726771578,0.05395200556912876,0.003587491084739741,0.06276436885114768,0.004453634323887151,0.06479145756375002,0.004110876443073797,0.050151453488978336,0.004265622547769045
0.1798994974874372,0.05316176104715659,0.006152119342741116,0.015039594730264099,0.0020476704786806135,0.038338653120600384,0.002458867987728836,0.05285768434855657,0.0037378945604056336,0.06187287610969153,0.004584263737595376,0.06392553102745799,0.0038434757913584122,0.04980927072706675,0.004364588578883434
0.18236180904522614,0.05229646661727007,0.0059311590008039195,0.013165822180591404,0.0020712517607772794,0.0373814912369862,0.0025985590459766347,0.051685531306774085,0.0037836564388656502,0.06096462762204011,0.00461249475654263,0.06321514583347038,0.0037711929097416076,0.048772364511295505,0.004522274686288754
0.1848241206030151,0.05153053185822646,0.005850536611425055,0.011418771958099119,0.0020725876179503054,0.03651453193964639,0.002587048149961445,0.05022141565448014,0.0039126900072502194,0.060322563173098205,0.004594442802852745,0.06232772778077366,0.0037117642568398725,0.04798993525606798,0.004529557689848674
0.18728643216080404,0.050769828287913994,0.005705148651558631,0.00938892393040107,0.002157249298402478,0.035747999497927514,0.002702665775861935,0.04904047589557921,0.0037909565195085684,0.05955177766242183,0.004496138320674185,0.061506062135463606,0.0036851509849033237,0.046573855637517834,0.0046662126259538
0.189748743718593,0.04997637172933796,0.005635298489140047,0.0076241713672316,0.002290692846067004,0.03490519380903387,0.0027919205610211057,0.04795350587359072,0.003898400541818721,0.05893305091245193,0.004442405728146238,0.060669807499121695,0.003525542797133162,0.04561701718758693,0.004614866155641616
0.19221105527638194,0.04928053837798031,0.005718778884627178,0.005777399519020119,0.002249572040799525,0.03393183031194504,0.002861650607817713,0.0468910078498752,0.0038894629888620628,0.0582359614965396,0.004496232549130966,0.06019479706936133,0.0035404834766913063,0.04456173998371246,0.004577434930595499
0.19467336683417086,0.04840533893581313,0.0055631880990635214,0.003893324415148844,0.0021650267548791787,0.033172693492346465,0.002774339335502905,0.045708106026468,0.0039209043425544815,0.05750947105341043,0.004432502091547818,0.05953548911888161,0.0035152383774524234,0.04404276990362286,0.00455304579653512
0.1971356783919598,0.047650050164008806,0.005624673533744302,0.0021769743775299157,0.0022970133007650414,0.03241413338211969,0.002996990954710699,0.04460317700125786,0.003666272554186706,0.056825998090272375,0.004514203677457359,0.058699528355261946,0.0034008482066805517,0.04305311265642297,0.004610304898815323
0.19959798994974876,0.04701619670964482,0.0055322175402152856,0.00035055495662709855,0.0023180313306247853,0.03143851766446545,0.0031818567121441954,0.043626525365038325,0.0037107180730941705,0.05617008888108145,0.004472100658699564,0.05781227870543584,0.003538957972014139,0.0419842612265492,0.0046530265311971976
0.2020603015075377,0.046206048031490865,0.005614316520423249,-0.0013911943285155985,0.0024028460817309264,0.030509762396379057,0.003223368408156232,0.042720360568266384,0.003648006168234373,0.05550933818326665,0.004614750171022721,0.056958632551640895,0.0038121423275917186,0.04063576192472139,0.004557239501258053
0.20452261306532665,0.04553049422241484,0.005474603313872655,-0.00305561299963026,0.0024642168643771575,0.029480890077313266,0.003313996479822728,0.041601376092847975,0.00375709440752865,0.054771565739391986,0.004463853097171723,0.056293124901398144,0.004041338116193403,0.04010734930309426,0.004397165972793282
0.2069849246231156,0.04468079324180834,0.0054632093377898665,-0.004680073016505525,0.002633042491171479,0.02865714616597936,0.00343342747553062,0.04036930928719177,0.003808363127395988,0.054487473287033655,0.004592774871070755,0.05566288211634317,0.003950264340901782,0.03928202361677256,0.004365816949472492
0.20944723618090455,0.04431753516421709,0.005192286063084207,-0.006384959718819116,0.0027072311068827765,0.027881088695418364,0.003457491321940665,0.03922108969059178,0.0038312178156188277,0.05401985344382567,0.004539398680240336,0.05480666289472412,0.004106462996844618,0.038636668242165204,0.00438926598289589
0.21190954773869347,0.04353450357997342,0.004985697466474758,-0.007974189746457968,0.0027572888884560913,0.026965858130945757,0.003587304377215854,0.038315408552014416,0.004018747263553132,0.053644270229766935,0.004752331151330105,0.05385297204750292,0.004090482311409951,0.03820179096209583,0.004351274933453174
0.21437185929648242,0.04305458172229533,0.005127971899714787,-0.009741965997342205,0.0027192569214738492,0.02616593645165326,0.0037720994127748227,0.03719964122579113,0.0041498518334811265,0.05301513577022745,0.004551677026983404,0.053336811538873354,0.0042750729335715,0.037157426441989466,0.004276685519185604
0.21683417085427137,0.04250941643328222,0.00513472218690671,-0.011303656572648644,0.002733398490448121,0.025281298119902876,0.003928673129365668,0.0361441283116634,0.004065977177990637,0.052034255611966285,0.004362490159999794,0.052750177040774754,0.0044102671899382394,0.03627861867112159,0.004352400683781229
0.21929648241206032,0.04195183996135733,0.0051919127495259065,-0.012943114155870324,0.0027568070904615116,0.024440441715557995,0.003756469991215518,0.035064781330628826,0.004021717488290953,0.05136093294586139,0.004400078110214687,0.05212028049131639,0.004418347683153683,0.035737580587577304,0.004304440093632044
0.22175879396984927,0.04120986901138439,0.005202430764622022,-0.014750534550678403,0.0029314404815396658,0.02384346007740934,0.003938589122732852,0.03381835362005603,0.003985984613394584,0.050998115008419526,0.00421710042694483,0.05160488580086329,0.004565138998408125,0.03533777103908023,0.004243288536763912
0.22422110552763821,0.04062218373032263,0.0049647910234612985,-0.01639743512909147,0.0028008795606325847,0.022972773652913555,0.0038374225964305096,0.03287186952839552,0.00399451704719811,0.050438913825273504,0.004255881398411358,0.05105369931347925,0.004442295258961392,0.034512627785117926,0.004213665325935052
0.22668341708542716,0.0403831284408768,0.005073276925249198,-0.018044237672902155,0.0029143553716562687,0.022249594826065686,0.003776804447214834,0.03195966713302203,0.0039485790786728155,0.0499799531308827,0.004351149462210835,0.050574222784780694,0.004368161635765137,0.034010142900635004,0.004241874746733189
0.22914572864321608,0.03960271172427805,0.004980468967209405,-0.01963989643709108,0.0030384300109936135,0.021533015980707376,0.004077011407094866,0.031038764469506715,0.0038624184618767194,0.04947721283197612,0.004415553080968574,0.050040666522256236,0.004437178394858393,0.03359083843430645,0.004293245248288826
0.23160804020100503,0.03924632102870824,0.005026922389241479,-0.021290460122633217,0.0027926880921213836,0.020877182002387487,0.004006774722808615,0.030098574591278203,0.0040455069179835546,0.0489272388929388,0.004340699837430448,0.049544710117866736,0.0046005550715903995,0.03309610612717177,0.004137077327568813
0.23407035175879398,0.03861268386966434,0.0051760692920254335,-0.022952169055268944,0.002774579522635799,0.020159622497988798,0.004127366935698563,0.02915112328484633,0.003949502263646944,0.04824240473331687,0.004278462015176161,0.0487096929060831,0.004607881819284405,0.032322818034297006,0.003954170336486623
0.23653266331658293,0.03821236272819011,0.005150255414162018,-0.024520287099242498,0.002725122286016937,0.019256026752446365,0.004324097476484684,0.02818646781565275,0.00396812280134299,0.04778412568456531,0.0042578547558861915,0.048074246604422693,0.004529764952886263,0.03154831533378435,0.003988687474397663
0.23899497487437188,0.03763827055263746,0.00528369768806067,-0.02596655428777402,0.0026546120727720737,0.018439786528206666,0.004383876930406666,0.027295087131690227,0.0040463287154325085,0.04724484822304374,0.004325626869346394,0.047352263077166085,0.004514152112753619,0.030857226448461592,0.003896093471005655
0.24145728643216083,0.03700353055814443,0.005021764712962713,-0.027649996556119882,0.0026369080921653672,0.017743206791875545,0.004402883490864818,0.026313063984821004,0.004091200851605732,0.0469866048637279,0.004520069036127062,0.0468247054122715,0.004580315742519247,0.03042700761655802,0.003955697358900328
0.24391959798994978,0.036552879375121056,0.005219630972137441,-0.029084874157227006,0.0026225054377443276,0.017236656767383222,0.004437334088556096,0.025235404380737993,0.0041183208478097885,0.046712632883777,0.004425903324656809,0.046223321873626454,0.0042542708282404034,0.02995245656646099,0.003949128558047159
0.2463819095477387,0.035956448392728754,0.005628026279871724,-0.03056371039346945,0.0025776071428366813,0.016596113171980068,0.004711426271155131,0.02440264536959739,0.004078412466154402,0.04625873774048238,0.004589859804385981,0.04566807375507046,0.0043875785850514964,0.029461244860036612,0.003951405852680115
0.24884422110552765,0.03579214531758061,0.005607778380895499,-0.03191693686743193,0.002639872873950065,0.016081476340950553,0.004475186906830098,0.02350047812663039,0.004118156847363231,0.04565676511733186,0.004620692407402298,0.04497790878808291,0.0042645259729499315,0.028816116992819954,0.004074270442016603
0.2513065326633166,0.0351244621181738,0.005740114996973582,-0.033510994730794254,0.0026430064283720113,0.015520819735404832,0.004530302993994079,0.022361812008189565,0.004256665017548681,0.0451467537286766,0.004641861889702092,0.04434804741536737,0.00449221376025253,0.02839865936249382,0.004144371868971136
0.2537688442211055,0.03460067159126721,0.005753720268776907,-0.03502754067017387,0.0026287738473463897,0.01518463733719744,0.004538449000799272,0.02150971827042884,0.004289506987396468,0.04483552748965498,0.004539394558455152,0.04406552462978795,0.004541463596138019,0.02744811566477289,0.0042528596328668365
0.2562311557788945,0.03405138614642166,0.005824918956065226,-0.03649022798847254,0.0027068464959748113,0.014639590513541233,0.00454440710603456,0.02069636104498613,0.004412387841959165,0.04441874683610446,0.004666854975586106,0.04350312544190404,0.004531290102601962,0.026710779043331852,0.004308349176803541
0.2586934673366834,0.033633500354085286,0.005938094118183614,-0.03801027867337989,0.0027445091520352954,0.014287843330778476,0.004537290417064825,0.019682297095529197,0.0044921435612678366,0.04372300848477077,0.004797053395526129,0.042961113922853775,0.004485022111532438,0.026494838840447264,0.004299983216125626
0.2611557788944724,0.03313558602134473,0.005838372621125951,-0.03933259541052462,0.002642493219713016,0.013781095780546962,0.004600705604647384,0.018753521040176115,0.00441439310352017,0.04311689002075903,0.005096799535445505,0.04244151328208769,0.0044173590345181245,0.026423657894692743,0.004165644035355108
0.2636180904522613,0.03270787560636631,0.005751672659341221,-0.04078226130766806,0.002555682621132048,0.013184710493671672,0.004693123853419076,0.01794960607289122,0.004468302263614736,0.04241048833180909,0.005029738358898459,0.041999711390203795,0.004455630722442654,0.02581704904715359,0.004194792179498001
0.2660804020100503,0.032306492218662115,0.005655964280257034,-0.04213520093414796,0.002644880324093525,0.012536404872520255,0.004711396018488276,0.017161947710059463,0.004340656260978872,0.041910014417067966,0.004967732331245211,0.04140263951263963,0.004282948065977423,0.02540553881137494,0.004010289597778044
0.2685427135678392,0.03182519438595852,0.0056100929258721165,-0.04376454328411574,0.002505819702880709,0.012005495523134891,0.004957992876004648,0.016342470264066756,0.004604968097895586,0.0414276537851601,0.005018312472462666,0.04100669051062773,0.004140998083717365,0.024925936644805833,0.004007267129406753
0.2710050251256282,0.031529154668994405,0.005772535300618938,-0.04523881193170458,0.0027782436749402,0.011497120676993388,0.004960278485410418,0.015329454791260366,0.00469904862386091,0.04100925977404157,0.005007704350483075,0.04046164205896844,0.004246118264248121,0.024324237097094924,0.003979043990891024
0.2734673366834171,0.031174278535243235,0.005812505487969939,-0.046554839131195846,0.002911031346975568,0.01097696162545118,0.004911419422546952,0.014304846146899938,0.004451610012703896,0.04061836405509637,0.0049735673728018796,0.04008748743032589,0.004164651155077888,0.02441956989950406,0.004083160908656842
0.275929648241206,0.030961886692141494,0.005851493685276692,-0.04782704466307388,0.002981836534739495,0.010360019365167008,0.004585454167459095,0.013555782665606262,0.004405611244123214,0.040215989303843874,0.005004611639481192,0.039600606224914306,0.004113393085446836,0.023795068339318118,0.004341368716631946
0.278391959798995,0.030707697195066316,0.005792377430159725,-0.04919783894906364,0.0030454976688685646,0.009989392671171538,0.004681400758140916,0.012775531707430645,0.004348253723288322,0.039757856845552546,0.004928466905181866,0.0391380703310393,0.004032841862585249,0.02330731003186966,0.00426397000877291
0.2808542713567839,0.03013894977467729,0.005811098854494614,-0.05058795148887407,0.0029611994522404307,0.009693295322868917,0.004731007556917609,0.011819361861167183,0.004399666383328539,0.03928607388954986,0.004979624113132237,0.03872447857156991,0.004230474274507398,0.02265529250412991,0.00430397502383463
0.2833165829145729,0.02996882871543773,0.005621046873656097,-0.05195326017573713,0.0030567665303330334,0.009381778559095635,0.004798270942477848,0.011232704806174667,0.004295286014238377,0.03873925177654884,0.005217921552582261,0.03826445525486622,0.004225954229471045,0.0220333643406333,0.003981303238328524
0.2857788944723618,0.029496243507457144,0.005506415768274798,-0.05325261484824003,0.0031421512268789632,0.009200319700420383,0.004730461715355236,0.01057940087458959,0.004149542396189427,0.03831137690426296,0.005303281487362886,0.038023050388126554,0.004161954372436202,0.021178364620913156,0.004176553294028018
0.2882412060301508,0.02916112151181145,0.005452083321303902,-0.05451752589323316,0.0033357814469501014,0.00894236238625606,0.004885799683491278,0.009964087336542008,0.004186480816193063,0.03797694286354219,0.005321810310676795,0.037759908780173844,0.004047640422835288,0.020463604767719405,0.004129830662327085
0.2907035175879397,0.028605572220215484,0.005572136871735737,-0.05587528541832477,0.0034118120801749454,0.008936657212519261,0.004995256801205267,0.009356052475990893,0.00420456362700487,0.03737727494552588,0.005288453704196092,0.037115034590207735,0.003972258902857733,0.019888846309263252,0.004112290449364654
0.29316582914572864,0.028135019632247,0.00552636195388952,-0.057247944653133,0.0034396096718090317,0.008917009860345954,0.00467593599108386,0.008538360740540612,0.003969144642870902,0.03680434125969215,0.005259130016602803,0.03679696342071254,0.0040424198073958275,0.01928790111534549,0.004134715714671198
0.2956281407035176,0.027948793077835887,0.00564705583982601,-0.05839621972691918,0.003442905146104221,0.008714661550749734,0.004708642125511959,0.008033612778835934,0.004077268245402913,0.03639141595096555,0.005265429714487483,0.03639586963063627,0.003971473779528871,0.018579042735138503,0.004090532791591474
0.29809045226130654,0.027686972479009444,0.005581497543772534,-0.059647817193142494,0.003389724289770424,0.008452933684003705,0.004463608773751743,0.007633463099158073,0.004032542976435941,0.03595703022471597,0.00513596978125603,0.036199851681543826,0.004085778358002569,0.017886694863063473,0.004232748025198014
0.3005527638190955,0.027305090964043873,0.005737662973034844,-0.06098354048315775,0.0034214628962620335,0.008199797045111428,0.0047202034635771125,0.006909614313535018,0.004092769158930162,0.035648577564985545,0.004977611467196763,0.03584284229247329,0.004182307181716955,0.01687655381936982,0.004337089646865294
0.30301507537688444,0.02704634864095869,0.005661132477114824,-0.06206785697872888,0.0034479867796671656,0.00804042355642186,0.004837714616120236,0.0062365515713102854,0.0040801316812685276,0.035425532956796166,0.005039046529592215,0.035360333672244774,0.004190461619125779,0.01640683761719282,0.00444138248440658
0.3054773869346734,0.026710055752068276,0.005695033675425818,-0.06317290703794005,0.003277486151868158,0.007863689843136394,0.004877463446487809,0.0056040057252604684,0.004224436202938192,0.03523740118726757,0.005053845752922134,0.03484874352444691,0.004344672001803198,0.016227445681284723,0.004457038921638425
0.30793969849246233,0.026199773965856075,0.005580937102097216,-0.06437507394972318,0.00333512094807524,0.007733511926927846,0.004858916572475256,0.004781016253569252,0.004255541422650487,0.03487854599355194,0.005018059822725456,0.03444160041053288,0.004439488609645019,0.015695540400649025,0.004552994517991834
0.31040201005025125,0.02590230974468864,0.005400043188923255,-0.06555320881584113,0.003585057151805424,0.007656171147867695,0.005130323054980705,0.003921328420093393,0.004245907882382484,0.0344623018352247,0.005076110655250769,0.033921400104777115,0.004558940281525358,0.01563402333156234,0.004581475641746112
0.31286432160804023,0.02545857287198771,0.00539207512362523,-0.06666275191036507,0.0034389017932428254,0.0074312380042358284,0.004966004334762971,0.0031414947727304823,0.004436716050162252,0.03406680102599366,0.0051081263891816515,0.03363564072737788,0.0047407533485779784,0.015537542067843952,0.004761633157867733
0.31532663316582915,0.024997760859829823,0.005645297397760271,-0.06792274897937663,0.003625414399170036,0.007580893218349725,0.00513876292325737,0.002696335616297661,0.004360298698366848,0.03368778853751963,0.0051537713086325645,0.03324286385343014,0.004560081881637596,0.01482015076764608,0.004699189770150612
0.3177889447236181,0.02463364702407232,0.005550933155274509,-0.06909539704736103,0.0037609975041282026,0.007268439875677767,0.0051012269291400075,0.0022450601911313183,0.004027342482564127,0.03346247863448602,0.00504254062660938,0.03265979680341738,0.004682542922733153,0.01427761758346709,0.004805817167122144
0.32025125628140705,0.024399860940572615,0.005477850009426256,-0.06987893811488004,0.0037074945576789334,0.00698507889872287,0.005156203403644581,0.0019343774178931397,0.00392395431584916,0.03314488271470857,0.0049558340911355575,0.032341445166370025,0.004755978346240679,0.013637699303525463,0.004812085035120958
0.322713567839196,0.024027713991946895,0.005489341500932518,-0.07079838920130382,0.0036235794009870305,0.006869128708550276,0.004927603980645023,0.0012475788611611292,0.003964425906927795,0.032692671438315675,0.004946433820820131,0.03213982300104767,0.004912644126207386,0.013272778431770549,0.004696150471128972
0.32517587939698495,0.023795396556353928,0.0055627199623122,-0.07186067151350727,0.003685689612257449,0.006582876459699893,0.004719703352758231,0.00046245883946586933,0.0039288003029082945,0.03243428245598021,0.0048352853314608864,0.0318844923144419,0.004934475699694287,0.012380250039392018,0.004842046410677803
0.32763819095477387,0.023491715404503403,0.005703831898791431,-0.07298675415267343,0.0036055310755261083,0.006437500097620708,0.004405292556557447,8.465667967755554e-05,0.004024124089107538,0.0319811693555315,0.0047975485339457604,0.03146724931169033,0.004902673153583339,0.011323075249109039,0.004860586770117456
0.33010050251256284,0.023396121862750075,0.005673596816608074,-0.07407655161865598,0.0037881765037725812,0.006216719363416574,0.004312152641290926,-0.0003394089263426904,0.004012951271495554,0.03165664940760065,0.00487847649935399,0.030928592082656112,0.004931061703372203,0.010798330292160799,0.004738096717301283
0.33256281407035176,0.023339669640341006,0.005568481788506987,-0.07502460154532707,0.0038511106120273793,0.006208603077063879,0.004531743736412206,-0.0010277476929258847,0.004090335368996412,0.03141448135554756,0.0047581765303665435,0.030489500564634654,0.0051967621517907,0.010493056160335959,0.004538558287434579
0.33502512562814074,0.023055766248724293,0.005599700816859122,-0.07606761029004795,0.003760314415130353,0.00646160273658924,0.004580471408225013,-0.001544709473945957,0.004276245195906914,0.03104101196253261,0.004644501479433391,0.030186725192158315,0.005120590991204952,0.009934517952141645,0.004463532606238028
0.33748743718592966,0.02267617196161723,0.005678364583580396,-0.07697391256773578,0.003981065305063009,0.0063676499680433395,0.004626802439167829,-0.0020912636214360366,0.004311729510332686,0.030685196819696316,0.004557815744349701,0.029886959653447773,0.004787590433916584,0.009101824144136107,0.004603696137742253
0.33994974874371864,0.022355892535591407,0.005721047991974943,-0.07807786025367379,0.004072387725213597,0.006474311428172507,0.0046881115671238245,-0.0025351408061461736,0.004392775551563035,0.03009608954242271,0.004555003742738852,0.029576385137337048,0.0046533653909195056,0.008707381221689537,0.004615063138524272
0.34241206030150756,0.02202170002767641,0.0058780037956408454,-0.07859272487171744,0.004201264352813892,0.0064891739985417345,0.004606350312654861,-0.003260826440639563,0.004423014873929375,0.029650682954292497,0.004530358409129305,0.029354964506508412,0.004822144089336247,0.00821093709634107,0.004626602980756998
0.3448743718592965,0.021705880502726618,0.006010543458585011,-0.07972290057866124,0.004397198238339183,0.00628614371330726,0.004719808702855477,-0.003957483737050107,0.004285884391272733,0.029304741681451998,0.004563360285440355,0.028946433453499558,0.0049590477976072375,0.007622003841559102,0.004635530492403618
0.34733668341708546,0.021350878482660603,0.005979061118941448,-0.08062622642977986,0.004582272506646853,0.005991232022688103,0.005088093007703924,-0.004713205014809689,0.004272744661433969,0.02887833857960129,0.004526746714411147,0.028574573160026043,0.004936374196206165,0.006721838981768609,0.004720973821354924
0.3497989949748744,0.021243924997612736,0.005968080257345612,-0.08173729542486387,0.0045966497813428875,0.006021072548891416,0.005229636833508194,-0.005332411626934198,0.004245126211144841,0.028578295337171867,0.004492028554140832,0.02811101608162618,0.004900260130501906,0.006454011678952641,0.004792799837820557
0.35226130653266335,0.02107085908749855,0.005903366003877278,-0.08257422022971374,0.004654867680061696,0.005718938864119546,0.005481301085408457,-0.005844509057371237,0.004193745699106151,0.028356003252340962,0.0045043075402167515,0.027616374779372017,0.004946718062505421,0.006033660261163276,0.004831305278130795
0.3547236180904523,0.020850899072060274,0.005643711872278578,-0.08374420738803147,0.0046360926253959985,0.005551001868025195,0.005369626716763111,-0.0064348248972392035,0.004089608057303361,0.028034004705710904,0.0043456227868961155,0.027241152740026232,0.005019805580955319,0.00547610954701882,0.005072006590174904
0.35718592964824125,0.020804664917364664,0.005481439501018559,-0.0844050212006478,0.004853753263612378,0.005381078131288377,0.005582309534251506,-0.007124685425778802,0.003994445954226987,0.027828105918938553,0.004342668336280508,0.026931693668447238,0.005030640490862211,0.005419335994905717,0.004971612066645633
0.3596482412060302,0.02051265831407464,0.005405256836132102,-0.08528521938940645,0.005107207884591071,0.00558225862043778,0.005557356303744957,-0.007763563854128811,0.0039019218736945473,0.02750431302009315,0.00434995855984719,0.02655530158445889,0.004962949979634817,0.005114776325883636,0.004775465108762641
0.3621105527638191,0.020303421426406495,0.005234716037110423,-0.08599607093872641,0.005187827446741917,0.005820040489148356,0.005733791426126325,-0.008213607363354995,0.0041234611380012946,0.027109224530759545,0.004220228589135847,0.02628427406737007,0.004996199496754664,0.004969376349339261,0.004797734459158778
0.36457286432160807,0.019976128823840197,0.005139279143781788,-0.0867993434688735,0.005303554034012448,0.005694983127796953,0.005730543795507648,-0.008689463456919606,0.0041377492998263795,0.026753206615766436,0.004315096769855122,0.02591597419183626,0.004915000306587752,0.004516076188862855,0.004893554653237697
0.367035175879397,0.01955115656673896,0.005011558680281105,-0.08733796216960005,0.005276230978130032,0.005690388279278009,0.005654370673971618,-0.009280061564859159,0.004211472438537425,0.026450467218746145,0.004239311201627141,0.025662584733335162,0.00466722667464056,0.0038063438355247104,0.004958975623195592
0.36949748743718597,0.01923130456561995,0.004928923887120048,-0.0882330159156877,0.005344353815465586,0.005762964184952671,0.005728503366821415,-0.009712920231989235,0.0040032428043333575,0.025925745350638785,0.004249014325248124,0.025387373747883055,0.0046512157762201856,0.003473084461128715,0.004960407955181071
0.3719597989949749,0.018906211738168296,0.005000562553038846,-0.08881180953126258,0.00558152608796409,0.005775744241484962,0.005748340039496166,-0.010301370565909447,0.0039360549766392135,0.0257410154127422,0.00416645952527434,0.02484695983959314,0.004617669709156655,0.002732827230566132,0.005297837505807413
0.37442211055276386,0.018634028927889946,0.005018697286372668,-0.0896609796571295,0.0055017711789542125,0.005693144134952208,0.0056853950861707305,-0.01087350736429324,0.003729349029365225,0.02533196405658118,0.004105500361409402,0.024705226642510073,0.004714222133201365,0.0020583070620526817,0.005282538489968347
0.3768844221105528,0.018318333501870763,0.005015557895392015,-0.09049472959372847,0.005520117067450003,0.005505154837746603,0.005933701912057848,-0.01134160611357497,0.0039560075036252935,0.02513687647169294,0.0039177456727931635,0.02457961949063173,0.004646515151578792,0.001870169964630582,0.005257659035457226
0.3793467336683417,0.01814194718887624,0.004954753666693351,-0.0915217316974539,0.005316082533530572,0.005215415702630203,0.005739814717258955,-0.011698018073601218,0.004090555694860492,0.024818081418552133,0.003880238117165303,0.024305853554636988,0.00456972030139525,0.001987870951067331,0.005258586438234744
0.3818090452261307,0.017902108281581192,0.004916839982407755,-0.09213568784146041,0.005398349055621181,0.005212611049060391,0.00580749308613871,-0.012065110453934273,0.00420976162083054,0.024540221512398725,0.0038836803729719004,0.024120185851667687,0.004687203076611522,0.0014766609168191354,0.005021867281281195
0.3842713567839196,0.01765892574364532,0.0046867851789785895,-0.09275467382363091,0.005283437221934949,0.0051597113828179015,0.0059480839563868446,-0.012551365329713765,0.004310984718306508,0.02411192316465339,0.003677847985199163,0.02389087332704238,0.004593585390290159,0.00115826043833532,0.005081845707828067
0.3867336683417086,0.017316482121690138,0.004727950160124187,-0.09311018061908106,0.005147436566241526,0.004811472617392651,0.006063894969390207,-0.013149445445244467,0.004320600745015035,0.023880844570499736,0.003738116806259176,0.0237151144383369,0.004683060866121701,0.0007881478123048178,0.005100369485791711
0.3891959798994975,0.017299695817121593,0.004790153535679937,-0.09405705856010117,0.0050640010742884,0.004960980380489875,0.006052195933452866,-0.013598246366087046,0.004382275590551853,0.023722537220601022,0.0037574285011274518,0.023563927620722753,0.004633993916887469,0.0007671322362626594,0.004931439963908755
0.3916582914572865,0.017168704359439072,0.004800513246271967,-0.09480037594964935,0.005105959312900114,0.004917560701241618,0.005770411255206359,-0.013900864303913253,0.004323325913195298,0.023375464286497283,0.003747429113892427,0.023264529496833792,0.004548367117276785,0.00041368291914128767,0.00495477240968796
0.3941206030150754,0.017074890191379966,0.004802623971262122,-0.09553457222889497,0.005256264169032095,0.005230028737334533,0.005965283808246693,-0.01469824820632624,0.0046191255401395554,0.022830658467418337,0.0037653162040151775,0.022934537584776534,0.0044975707430124825,0.0007002800892718493,0.005085746794034788
0.3965829145728643,0.016884703127208123,0.0046149423447153295,-0.09607806369620332,0.0055331708180387205,0.0054048209289542645,0.005851158515665387,-0.014997917992473344,0.004662012708841715,0.022683305422398894,0.0037846223412954186,0.02266290304150121,0.004561251717950445,0.0003841811723911778,0.00517205479630438
0.3990452261306533,0.01678521433777178,0.004559887715346203,-0.09659787375488439,0.005588262614957966,0.005308396762531712,0.005910198259364296,-0.015609875763388792,0.004946705280819607,0.022533777489070133,0.003724239402087777,0.022425384805759126,0.004598307683344478,0.0001376000970119545,0.005181748937989169
0.4015075376884422,0.016517371854816484,0.004463584952507548,-0.09685903719604756,0.005773092138837159,0.005174061970726605,0.0058937408632338956,-0.016009081396035286,0.005167926317149055,0.022154465201455555,0.003586997023679489,0.022097487137007675,0.004539213087428047,-0.0004061841239763532,0.005157152243327686
0.4039698492462312,0.016378704670091393,0.0043036857266724555,-0.09745797211993291,0.005981302722252884,0.005217883132753369,0.005672913652948149,-0.016396287800978338,0.004997170590974836,0.02194609705024888,0.0037559921500229516,0.022047810132492178,0.004480746917584002,-0.0006555375527232978,0.005160074731630458
0.4064321608040201,0.016237969518677623,0.004173934939781453,-0.09813135550959155,0.006178916292705316,0.0053544895809337556,0.005636753772009999,-0.016892701282626203,0.004866974765419066,0.021663831534564977,0.0039115558721738415,0.021536989892957516,0.004465670520917814,-0.001550667592223616,0.005375707570232386
0.4088944723618091,0.015979373286182774,0.004047088629117004,-0.09875141143114656,0.006357416077953885,0.005448279999107099,0.005443092300587617,-0.01740409688857043,0.004860506346059136,0.02125680122408613,0.003961133531738537,0.02131959917887153,0.004231503913337792,-0.002448146813503152,0.00535283602074433
0.411356783919598,0.015860638647990064,0.004050929459783417,-0.0995761218836466,0.006511791152994423,0.005376813864741665,0.00533402656751788,-0.017604586170934713,0.004854479024502178,0.02100726365296317,0.004101961001563494,0.02127677350134416,0.0043078370913082285,-0.002352205673731023,0.005391963321278887
0.41381909547738693,0.01559989985134464,0.004065745356270703,-0.10007306398514995,0.006522269978411695,0.0056873776414991676,0.005315886044476435,-0.01789947985020187,0.0049926026420803815,0.020853103766919043,0.003949911004852482,0.020901136986686157,0.004272641352825023,-0.0025405435365989546,0.0054890613178641984
0.4162814070351759,0.015518870872960354,0.003955941585005231,-0.10071440702674674,0.006534807912473172,0.0057416056917339205,0.005039624085599601,-0.018326683765555254,0.005075774827796015,0.020470691320648573,0.003989453509593022,0.02054911263018985,0.004264027392247265,-0.0027151170977497223,0.005563811556090309
0.41874371859296483,0.015491806899587061,0.0038639630390324264,-0.10155034888089388,0.006747851423832468,0.005738717320416749,0.005093173807604656,-0.018826959756119102,0.0050775744167662895,0.020331346285979414,0.003920531729130335,0.02045901231366422,0.004292167778386338,-0.003537188088072587,0.0055460780283970714
0.4212060301507538,0.015431541811241348,0.0038210649144669886,-0.10187845936269699,0.006744882304607503,0.0060334673240409805,0.0049665106276156985,-0.019245804401872,0.00504801016272698,0.020266858540385433,0.00393376848198915,0.020291221194155728,0.0043106085778191515,-0.0037211086756592927,0.005690726938332695
0.42366834170854273,0.015309764123207257,0.003881936456214262,-0.10232281491267488,0.0068622631307066985,0.00627470500742078,0.004863404919850797,-0.019764959980714,0.005133778512494984,0.02005686883693865,0.003853546930013289,0.020040319491012662,0.0045902205832921185,-0.0043366813810064965,0.005833556276385962
0.4261306532663317,0.015155933303164414,0.004005620904077103,-0.10280764387292567,0.006787490347412181,0.006086618255227457,0.005043200117890105,-0.020238663846369652,0.005207187037453857,0.0199143872010591,0.00370986515673271,0.019838912622293255,0.004477247680458422,-0.004471545216672443,0.005916715518136582
0.4285929648241206,0.015008109884367996,0.0040870624301372754,-0.10309164915650265,0.006724555429735564,0.006166503941242451,0.004841064063065097,-0.020736660509342995,0.005299502733716859,0.019721138600380706,0.003764715538038549,0.01982919337563183,0.004418091642007443,-0.004936015432736151,0.006042154700739399
0.43105527638190955,0.014783585777500588,0.0042210195196771974,-0.10360807845594865,0.006670988332217367,0.0059516907387089975,0.005117441713830524,-0.021248605629944364,0.0055175268609338,0.01954967269368892,0.0037444460314431057,0.019559911852001104,0.004413437939536714,-0.00473145711147959,0.00600057946188104
0.4335175879396985,0.014576194042235884,0.004168915828094651,-0.10406914912951612,0.006923744876707564,0.005925824640054853,0.005173360747818743,-0.02155198401034501,0.005832295514832047,0.019445774042200662,0.003744301964192002,0.019297632862237946,0.004483561571738478,-0.004608185308821015,0.005797114646715874
0.43597989949748744,0.014305578741393618,0.004380535832278614,-0.10430042589946248,0.006996936992820131,0.006167977327069901,0.005222724952020511,-0.02189360929499059,0.005611670367958255,0.019251386654979937,0.0035969609087503707,0.01888026074252633,0.004526781828196611,-0.004771136761228299,0.0059064082427237085
0.4384422110552764,0.014119006042171974,0.004371738504640836,-0.10468472873008862,0.007245155765796418,0.006152041791939963,0.00515546721902199,-0.022380314534908376,0.0055186775494954505,0.019009214704655577,0.0034383628352611037,0.01884761590848145,0.0044999679014621746,-0.0047735322994292345,0.005825180779413522
0.44090452261306534,0.013904229953000459,0.00439008685594816,-0.10493847067142305,0.007337700856478304,0.0060960319441540735,0.005378873643567595,-0.022930762254620023,0.0054078364638383055,0.01890201120646117,0.0034127825730134883,0.01878541598861198,0.004507763516978724,-0.0045685851643196135,0.005802569233860555
0.4433668341708543,0.013752406632652432,0.004340149848324615,-0.10532856604212917,0.007522983140753553,0.006054322102486507,0.005318009434511126,-0.023376696148173573,0.005237605608603229,0.018667562888735677,0.0035675254539925317,0.018606542596294573,0.004597365607650582,-0.00462632660101899,0.005960575216068087
0.44582914572864324,0.013479017407575435,0.004454875638774477,-0.10550304364420159,0.00741617254674544,0.006232503587199468,0.005386871613583563,-0.02377219668503298,0.0052232129674976285,0.018339529885062884,0.0036933927954900976,0.018357738634651323,0.004619454268670892,-0.004535731817471343,0.005775855351134809
0.44829145728643216,0.013264901043764139,0.0044302020328561105,-0.10600697737205993,0.007510000919415755,0.005989485470375316,0.005461919285557624,-0.02428478958751485,0.005112599645232207,0.018190776917939428,0.0037650125627620755,0.018145896219711122,0.004497730775717616,-0.0052248811672620955,0.005702564131218747
0.45075376884422114,0.013179992862612669,0.004368771682948791,-0.10651839038121658,0.007403487365760525,0.0062086665582264475,0.0056272661913530616,-0.02459467738831717,0.0051313052920609475,0.018020400690684942,0.003673905726706927,0.017975331080672275,0.004662588381664944,-0.005291832754447517,0.005761885573341644
0.45321608040201006,0.013166403488984135,0.004326407532579498,-0.10686227352894018,0.007706593286549798,0.006351806092258448,0.005901994277523077,-0.024830697392803438,0.005270170834124433,0.017888159712408876,0.0035741568261475876,0.017840744240447615,0.004564674791082323,-0.005516262591846924,0.005504799332312958
0.45567839195979903,0.01278165373565974,0.0043382541670966826,-0.10736922969388721,0.007832578676385317,0.006389498377477785,0.005796168119260792,-0.025111141172109983,0.005282791486552936,0.01765907100929766,0.003575144843976514,0.01772372053149315,0.004574844347775161,-0.006341123252980115,0.005473311109408561
0.45814070351758795,0.012572678264843774,0.0040417987396825,-0.10750312620625728,0.007759060792028204,0.006147970528045166,0.0059814186600274065,-0.025568931884108706,0.0052732707923187246,0.017468210183115833,0.0034836726792725416,0.017782453976079315,0.00468236537559218,-0.006186362183648849,0.00542277992860349
0.46060301507537693,0.012511207173993162,0.004048635784393321,-0.10756230827162384,0.007329663863562144,0.006323645578864243,0.005963859982882776,-0.025787354472229483,0.005328942298462279,0.01733538119883795,0.0036425928378635546,0.01760157478821344,0.004736378228580384,-0.005976870197933964,0.005282325748163617
0.46306532663316585,0.012442459406459855,0.004177738467417227,-0.10781597180674203,0.007221630073393878,0.006254539139827886,0.006027805806701606,-0.02575771197106297,0.005634224449099213,0.017054655067983458,0.003694627979083086,0.017535586472058804,0.0046620290950741584,-0.005651822967969954,0.0051758594291361325
0.4655276381909548,0.012353126074903771,0.0041069503670106465,-0.10814648990006594,0.007432234065943082,0.00633703334615007,0.0057789387823273305,-0.026124458467444555,0.0052654773410114415,0.01683462884588535,0.0035164041306119955,0.017412920408601953,0.0047471571598558015,-0.005336083207577589,0.005276546896377261
0.46798994974874375,0.012102212458863264,0.004018391956463294,-0.10842548663070255,0.007460863322468648,0.006220688262098833,0.005717226972222699,-0.026504695355888928,0.005317417030952663,0.016552574928006082,0.0034355043888021955,0.017189323760492693,0.00466563676833041,-0.005174255854334407,0.005318464814451229
0.47045226130653267,0.012138012401099687,0.00400094067866486,-0.1087232634382195,0.007684594491453113,0.006321418365187707,0.005778744652686688,-0.026651570212803462,0.0053619243732326155,0.016376139398240036,0.0034424055470996017,0.016940447484095754,0.004622078638144759,-0.005356798664278223,0.005341128410186669
0.47291457286432165,0.011885628132862508,0.003946699897081495,-0.1085169813239614,0.007216879273946734,0.006546123832542109,0.005717169667715825,-0.026960821671865427,0.0055543670394364725,0.016176428960593646,0.0031735104768702053,0.01653522792186943,0.0045957897431809355,-0.006073546750028079,0.005406435445924627
0.47537688442211057,0.011903989787461842,0.004036571633497357,-0.1087191203124616,0.007389094118802967,0.006592051538543803,0.005530869561928465,-0.027636365924118615,0.0058361136658322404,0.015800122280502777,0.0030468828944458506,0.016437862573415486,0.004534906017199258,-0.005852074611464429,0.005410633449856149
0.47783919597989954,0.011753811548395054,0.0040224185839311,-0.10906765932700183,0.00747250391392198,0.006614461580131465,0.005780989663183848,-0.028193941703975274,0.006175378995119852,0.015591513772963896,0.0029051677674971433,0.01614086558451542,0.004641995586631466,-0.0063076816694651395,0.005334994618045816
0.48030150753768847,0.011712644457594741,0.0040158194994245,-0.10950193630126148,0.00784185773154415,0.006650804899659584,0.005821600015912911,-0.028793379569925167,0.006310052342496551,0.015350432437102796,0.002968965118202451,0.015790821208301987,0.004623866231247052,-0.006133707464548935,0.0053934940095911686
0.4827638190954774,0.01166013734582263,0.004054515399844894,-0.10977828502326233,0.007619187951548095,0.006512338214164363,0.00582092674821729,-0.02922650415087526,0.006332632585421865,0.015160081880350422,0.0029983975023017283,0.015569092060313075,0.004599537751073329,-0.006520596538261314,0.005425956081857826
0.48522613065326636,0.011572912763180572,0.004046348152581103,-0.11044140526023952,0.007897005382208356,0.006190046606640329,0.00583881990878238,-0.029374721200381995,0.006548632233406785,0.01496548261820448,0.0029794144646646003,0.015360093550186315,0.004414978192053917,-0.006796513599485568,0.005480194594779565
0.4876884422110553,0.011341887383219344,0.004069405251581428,-0.11049829855363329,0.008057853199190567,0.006368316704688495,0.005713703179475694,-0.02975187310645867,0.006639021174535235,0.014795419752210609,0.0029101017607832016,0.01517018380423363,0.0043144501527335654,-0.007012968299286662,0.005415617595083816
0.49015075376884426,0.011188026657346995,0.003959785852477293,-0.11071123501637994,0.008336973239644895,0.006333690236298351,0.005730259684028566,-0.02992649752779449,0.006842469856033161,0.01455542040382677,0.0030492404555598506,0.015202497926452323,0.004340956866635523,-0.007216172998050492,0.005321322170331942
0.4926130653266332,0.011062238013910241,0.0037363714088432913,-0.11103436241527787,0.008320275271412443,0.006343071401316766,0.00568361600104561,-0.03012905433802048,0.006888990867395004,0.014438742525610252,0.0030152141885736094,0.014996714286704824,0.004504485173289076,-0.007244220253914898,0.005250071713472692
0.49507537688442216,0.010898884042964864,0.0037597996813245054,-0.11118224699379985,0.008127967277107961,0.0063890192280813786,0.005941309411284219,-0.030200189114641143,0.006932894053437183,0.01412111252463767,0.0030780774499520524,0.014706200801906927,0.004490689210363446,-0.008127693251106589,0.005309377448558264
0.4975376884422111,0.01084398184556476,0.0037534595571248595,-0.11119870458459497,0.008242689034271077,0.006217204792579559,0.006002639464398964,-0.030459939560159955,0.007021909245276464,0.013805490117604081,0.0029033626770390186,0.014493769126128906,0.004254623029021341,-0.008277921910336146,0.005376045797495072
0.5,0.010628452007762357,0.0036343727445437954,-0.11170323928944616,0.008140690327351414,0.006329302881027015,0.005980064832952089,-0.030526944320047763,0.006898183227817926,0.013688610240334376,0.003021170932454389,0.0141961486789073,0.0043065288455395164,-0.00848560335705761,0.005432021550710197
