run,criterion,complexity,equation,val_auroc,val_ece,val_brier,test_auroc,test_ece,test_brier
1,auroc_minus_half_ece,24,"log(sqrt(bun) / ((map_mean / (lactate_max + bilirubin)) * (map_mean / age_numeric))) - min(log(pf_ratio * (gcs_total * (0.07448286 / heartrate))), pf_ratio_miss)",0.7609,0.014,0.1187,0.7355,0.0244,0.1229
1,auroc_only,24,"log(sqrt(bun) / ((map_mean / (lactate_max + bilirubin)) * (map_mean / age_numeric))) - min(log(pf_ratio * (gcs_total * (0.07448286 / heartrate))), pf_ratio_miss)",0.7609,0.014,0.1187,0.7355,0.0244,0.1229
1,brier_only,19,"log(sqrt(bun) / (min(map_mean, platelets_min) / ((vent + (lactate_max * ((age_numeric / pf_ratio) / 0.43752035))) + intubated)))",0.7563,0.0228,0.1176,0.7381,0.006,0.122
2,auroc_minus_half_ece,15,(((age_numeric / map_mean) * sqrt(lactate_max)) + sqrt(vent + (bun / platelets_min))) - 3.8483214,0.7196,0.0196,0.1267,0.7123,0.0202,0.1245
2,auroc_only,22,"log(((respiratoryrate + bun) / (map_mean / age_numeric)) / (min(platelets_min, map_mean) / (lactate_max + bilirubin))) + (max(vent, intubated) + -3.1193542)",0.7233,0.0297,0.1266,0.7333,0.0257,0.1241
2,brier_only,22,"log(((respiratoryrate + bun) / (map_mean / age_numeric)) / (min(platelets_min, map_mean) / (lactate_max + bilirubin))) + (max(vent, intubated) + -3.1193542)",0.7233,0.0297,0.1266,0.7333,0.0257,0.1241
3,auroc_minus_half_ece,20,log(((((bilirubin + lactate_max) / sqrt(pf_ratio / bun)) + intubated) / (map_mean / age_numeric)) / (map_mean / sqrt(heartrate))),0.7568,0.0173,0.1195,0.7175,0.0162,0.1239
3,auroc_only,20,log(((((bilirubin + lactate_max) / sqrt(pf_ratio / bun)) + intubated) / (map_mean / age_numeric)) / (map_mean / sqrt(heartrate))),0.7568,0.0173,0.1195,0.7175,0.0162,0.1239
3,brier_only,24,"log(((max(vent, intubated) + (lactate_max / sqrt(pf_ratio / bun))) / (map_mean / age_numeric)) / (min(map_mean, platelets_min) / (bilirubin + sqrt(heartrate))))",0.7502,0.0146,0.1193,0.7265,0.0233,0.1224
4,auroc_minus_half_ece,21,"log(((((age_numeric - gcs_total) * lactate_max) + bun) / sqrt(pf_ratio)) * (max(vent, intubated) + sqrt(bilirubin))) - log(map_mean)",0.7139,0.0196,0.1249,0.7301,0.01,0.1233
4,auroc_only,21,"log(((((age_numeric - gcs_total) * lactate_max) + bun) / sqrt(pf_ratio)) * (max(vent, intubated) + sqrt(bilirubin))) - log(map_mean)",0.7139,0.0196,0.1249,0.7301,0.01,0.1233
4,brier_only,21,"log(((((age_numeric - gcs_total) * lactate_max) + bun) / sqrt(pf_ratio)) * (max(vent, intubated) + sqrt(bilirubin))) - log(map_mean)",0.7139,0.0196,0.1249,0.7301,0.01,0.1233
5,auroc_minus_half_ece,23,"sqrt(lactate_max + exp(vent)) - log((gcs_total + min(platelets_min, map_mean)) * ((pf_ratio_miss + (pf_ratio / age_numeric)) / (bilirubin + sqrt(bun))))",0.7905,0.0256,0.1141,0.7298,0.0124,0.1218
5,auroc_only,23,"sqrt(lactate_max + exp(vent)) - log((gcs_total + min(platelets_min, map_mean)) * ((pf_ratio_miss + (pf_ratio / age_numeric)) / (bilirubin + sqrt(bun))))",0.7905,0.0256,0.1141,0.7298,0.0124,0.1218
5,brier_only,22,"sqrt((lactate_max + intubated) + vent) - log((max(min(platelets_min, map_mean), hematocrit) / (bilirubin + sqrt(bun))) * (pf_ratio / age_numeric))",0.7898,0.0243,0.1132,0.7259,0.0131,0.1223
6,auroc_minus_half_ece,24,(((age_numeric / pf_ratio) + -5.7253227) + (((age_numeric + respiratoryrate) / map_mean) + sqrt(bun / platelets_min))) + sqrt((lactate_max + exp(vent)) - pf_ratio_miss),0.7594,0.0187,0.1187,0.7477,0.0168,0.1196
6,auroc_only,24,(((age_numeric / pf_ratio) + -5.7253227) + (((age_numeric + respiratoryrate) / map_mean) + sqrt(bun / platelets_min))) + sqrt((lactate_max + exp(vent)) - pf_ratio_miss),0.7594,0.0187,0.1187,0.7477,0.0168,0.1196
6,brier_only,24,(((age_numeric / pf_ratio) + -5.7253227) + (((age_numeric + respiratoryrate) / map_mean) + sqrt(bun / platelets_min))) + sqrt((lactate_max + exp(vent)) - pf_ratio_miss),0.7594,0.0187,0.1187,0.7477,0.0168,0.1196
7,auroc_minus_half_ece,22,"log(sqrt(bun) * ((intubated + ((max(sqrt(bilirubin), lactate_max) + vent) * (age_numeric / min(pf_ratio * 0.43705016, platelets_min)))) / map_mean))",0.7202,0.0146,0.1245,0.771,0.0174,0.117
7,auroc_only,22,"log(sqrt(bun) * ((intubated + ((max(sqrt(bilirubin), lactate_max) + vent) * (age_numeric / min(pf_ratio * 0.43705016, platelets_min)))) / map_mean))",0.7202,0.0146,0.1245,0.771,0.0174,0.117
7,brier_only,22,"log(sqrt(bun) * ((intubated + ((max(sqrt(bilirubin), lactate_max) + vent) * (age_numeric / min(pf_ratio * 0.43705016, platelets_min)))) / map_mean))",0.7202,0.0146,0.1245,0.771,0.0174,0.117
8,auroc_minus_half_ece,6,(sqrt(lactate_max) + -2.599707) - pf_ratio_miss,0.7083,0.0104,0.1269,0.6616,0.0189,0.1299
8,auroc_only,6,(sqrt(lactate_max) + -2.599707) - pf_ratio_miss,0.7083,0.0104,0.1269,0.6616,0.0189,0.1299
8,brier_only,9,log((sqrt(bun) / map_mean) * (vent + lactate_max)),0.6924,0.0219,0.1255,0.688,0.0174,0.1271
9,auroc_minus_half_ece,22,"(lactate_max * 0.17636141) - (sqrt(min(map_mean, platelets_min)) / (sqrt(((bilirubin * bun) + age_numeric) / log(pf_ratio)) - (pf_ratio_miss - vent)))",0.7845,0.0217,0.1129,0.7207,0.0194,0.1261
9,auroc_only,22,"(lactate_max * 0.17636141) - (sqrt(min(map_mean, platelets_min)) / (sqrt(((bilirubin * bun) + age_numeric) / log(pf_ratio)) - (pf_ratio_miss - vent)))",0.7845,0.0217,0.1129,0.7207,0.0194,0.1261
9,brier_only,22,"(lactate_max * 0.17636141) - (sqrt(min(map_mean, platelets_min)) / (sqrt(((bilirubin * bun) + age_numeric) / log(pf_ratio)) - (pf_ratio_miss - vent)))",0.7845,0.0217,0.1129,0.7207,0.0194,0.1261
10,auroc_minus_half_ece,24,"(((bilirubin / gcs_total) + (sqrt(lactate_max) * (age_numeric / min(map_mean, pf_ratio)))) + (min(platelets_min, temperature) / -13.610439)) - max(0.21486576, pf_ratio_miss - vent)",0.7134,0.0221,0.1295,0.7177,0.0193,0.1248
10,auroc_only,24,"(((bilirubin / gcs_total) + (sqrt(lactate_max) * (age_numeric / min(map_mean, pf_ratio)))) + (min(platelets_min, temperature) / -13.610439)) - max(0.21486576, pf_ratio_miss - vent)",0.7134,0.0221,0.1295,0.7177,0.0193,0.1248
10,brier_only,24,"(((bilirubin / gcs_total) + (sqrt(lactate_max) * (age_numeric / min(map_mean, pf_ratio)))) + (min(platelets_min, temperature) / -13.610439)) - max(0.21486576, pf_ratio_miss - vent)",0.7134,0.0221,0.1295,0.7177,0.0193,0.1248
11,auroc_minus_half_ece,19,"(((heartrate / pf_ratio) + (max(vent, 0.38594845) + sqrt(bilirubin + lactate_max))) * sqrt(age_numeric / map_mean)) + -4.649834",0.756,0.0175,0.12,0.7127,0.019,0.127
11,auroc_only,12,(-2.8034346 - pf_ratio_miss) + ((age_numeric / map_mean) * sqrt(lactate_max + bilirubin)),0.756,0.0273,0.1217,0.7049,0.0289,0.1286
11,brier_only,19,"(((heartrate / pf_ratio) + (max(vent, 0.38594845) + sqrt(bilirubin + lactate_max))) * sqrt(age_numeric / map_mean)) + -4.649834",0.756,0.0175,0.12,0.7127,0.019,0.127
12,auroc_minus_half_ece,20,(sqrt(vent + lactate_max) + (heartrate / pf_ratio)) + (log((age_numeric / map_mean) * (bilirubin + sqrt(bun))) + -5.752735),0.7487,0.0231,0.1177,0.7604,0.022,0.1196
12,auroc_only,20,(sqrt(vent + lactate_max) + (heartrate / pf_ratio)) + (log((age_numeric / map_mean) * (bilirubin + sqrt(bun))) + -5.752735),0.7487,0.0231,0.1177,0.7604,0.022,0.1196
12,brier_only,24,"(((heartrate / pf_ratio) + sqrt(vent + lactate_max)) + (temperature * -0.16068198)) + log(((sqrt(bun) + bilirubin) * age_numeric) / min(platelets_min, map_mean))",0.7485,0.0243,0.1171,0.7616,0.0327,0.1197
13,auroc_minus_half_ece,19,"sqrt(lactate_max) + (log(age_numeric / min(map_mean, platelets_min)) + (max(vent, (bun / pf_ratio) + intubated) + -3.7799764))",0.742,0.0069,0.1189,0.7193,0.0229,0.1264
13,auroc_only,21,"log(age_numeric / min(map_mean, platelets_min)) + (((max(min(bilirubin, vent), intubated) + -3.7672644) + (bun / pf_ratio)) + sqrt(lactate_max))",0.7425,0.0122,0.1188,0.7202,0.0201,0.1263
13,brier_only,23,"(((respiratoryrate + bun) / pf_ratio) + (sqrt((exp(vent) + lactate_max) + intubated) + log(age_numeric))) - (log(min(map_mean, platelets_min)) + 4.066126)",0.7406,0.0154,0.118,0.7272,0.0194,0.1241
14,auroc_minus_half_ece,18,"(sqrt(max(intubated, vent) + (bun / platelets_min)) + -3.8331852) + ((age_numeric + (lactate_max / 0.07399846)) / map_mean)",0.7555,0.0248,0.119,0.7396,0.0203,0.1221
14,auroc_only,18,"(sqrt(max(intubated, vent) + (bun / platelets_min)) + -3.8331852) + ((age_numeric + (lactate_max / 0.07399846)) / map_mean)",0.7555,0.0248,0.119,0.7396,0.0203,0.1221
14,brier_only,23,"sqrt(bun / min(platelets_min, pf_ratio)) + (((age_numeric * ((lactate_max / log(glucose)) + max(vent, intubated - -0.39132774))) / map_mean) + -3.3713198)",0.7538,0.0294,0.1181,0.749,0.0221,0.1201
15,auroc_minus_half_ece,24,"log(((age_numeric / map_mean) * (sqrt(bun) + bilirubin)) / pf_ratio) + sqrt((respiratoryrate / platelets_min) + ((intubated + max(intubated, vent)) + lactate_max))",0.7452,0.0159,0.1213,0.7486,0.0183,0.1192
15,auroc_only,24,"log(((age_numeric / map_mean) * (sqrt(bun) + bilirubin)) / pf_ratio) + sqrt((respiratoryrate / platelets_min) + ((intubated + max(intubated, vent)) + lactate_max))",0.7452,0.0159,0.1213,0.7486,0.0183,0.1192
15,brier_only,24,"log(((age_numeric / map_mean) * (sqrt(bun) + bilirubin)) / pf_ratio) + sqrt((respiratoryrate / platelets_min) + ((intubated + max(intubated, vent)) + lactate_max))",0.7452,0.0159,0.1213,0.7486,0.0183,0.1192
16,auroc_minus_half_ece,24,"log(((lactate_max + (bilirubin + (vent + intubated))) / (map_mean / age_numeric)) / ((min(109.99873, platelets_min) / (heartrate / gcs_total)) + (pf_ratio / bun)))",0.7284,0.022,0.1208,0.7408,0.0164,0.123
16,auroc_only,24,"log(((lactate_max + (bilirubin + (vent + intubated))) / (map_mean / age_numeric)) / ((min(109.99873, platelets_min) / (heartrate / gcs_total)) + (pf_ratio / bun)))",0.7284,0.022,0.1208,0.7408,0.0164,0.123
16,brier_only,24,"log(((lactate_max + (bilirubin + (vent + intubated))) / (map_mean / age_numeric)) / ((min(109.99873, platelets_min) / (heartrate / gcs_total)) + (pf_ratio / bun)))",0.7284,0.022,0.1208,0.7408,0.0164,0.123
17,auroc_minus_half_ece,23,"log(((intubated + ((vent + lactate_max) * sqrt(bun / pf_ratio))) * (bilirubin + (age_numeric * 0.14988373))) / min(map_mean, max(hematocrit, platelets_min)))",0.7207,0.0191,0.1262,0.7537,0.0161,0.1187
17,auroc_only,21,"log((((age_numeric * 0.14590721) + bilirubin) * ((sqrt(bun / pf_ratio) * (vent + lactate_max)) + intubated)) / min(map_mean, platelets_min))",0.721,0.0225,0.1269,0.753,0.0128,0.1192
17,brier_only,23,"log(((intubated + ((vent + lactate_max) * sqrt(bun / pf_ratio))) * (bilirubin + (age_numeric * 0.14988373))) / min(map_mean, max(hematocrit, platelets_min)))",0.7207,0.0191,0.1262,0.7537,0.0161,0.1187
18,auroc_minus_half_ece,24,"sqrt(lactate_max + (bilirubin - -2.5892467)) + (-31.132 / ((age_numeric * (((vent + log(bun)) - pf_ratio_miss) / min(map_mean, pf_ratio))) + log(heartrate)))",0.7289,0.0118,0.1223,0.7375,0.0147,0.1207
18,auroc_only,24,"sqrt(lactate_max + (bilirubin - -2.5892467)) + (-31.132 / ((age_numeric * (((vent + log(bun)) - pf_ratio_miss) / min(map_mean, pf_ratio))) + log(heartrate)))",0.7289,0.0118,0.1223,0.7375,0.0147,0.1207
18,brier_only,24,"sqrt(lactate_max + (bilirubin - -2.5892467)) + (-31.132 / ((age_numeric * (((vent + log(bun)) - pf_ratio_miss) / min(map_mean, pf_ratio))) + log(heartrate)))",0.7289,0.0118,0.1223,0.7375,0.0147,0.1207
19,auroc_minus_half_ece,18,"log(((lactate_max + vent) + bilirubin) * ((age_numeric / map_mean) / (gcs_total + (min(pf_ratio, platelets_min) / bun))))",0.7198,0.015,0.1268,0.7059,0.0118,0.1251
19,auroc_only,18,"log(((lactate_max + vent) + bilirubin) * ((age_numeric / map_mean) / (gcs_total + (min(pf_ratio, platelets_min) / bun))))",0.7198,0.015,0.1268,0.7059,0.0118,0.1251
19,brier_only,18,"log(((lactate_max + vent) + bilirubin) * ((age_numeric / map_mean) / (gcs_total + (min(pf_ratio, platelets_min) / bun))))",0.7198,0.015,0.1268,0.7059,0.0118,0.1251
20,auroc_minus_half_ece,23,"log(((vent + max(lactate_max, sqrt(sqrt(bun)))) - pf_ratio_miss) * (((age_numeric / sqrt(pf_ratio)) + bilirubin) / min(map_mean, platelets_min - -10.764942)))",0.8139,0.0319,0.1122,0.7183,0.0102,0.1243
20,auroc_only,23,"log(((vent + max(lactate_max, sqrt(sqrt(bun)))) - pf_ratio_miss) * (((age_numeric / sqrt(pf_ratio)) + bilirubin) / min(map_mean, platelets_min - -10.764942)))",0.8139,0.0319,0.1122,0.7183,0.0102,0.1243
20,brier_only,24,"log((age_numeric * (vent + (max(sqrt(sqrt(bun)), lactate_max) - pf_ratio_miss))) * ((((heartrate / (pf_ratio * 0.22254974)) + bilirubin) * 0.0243372) / map_mean))",0.806,0.032,0.1116,0.7177,0.0192,0.1256
21,auroc_minus_half_ece,22,"log((bilirubin + sqrt(sqrt(respiratoryrate) * bun)) / (((pf_ratio / ((lactate_max + intubated) + vent)) / age_numeric) * min(map_mean, platelets_min)))",0.7244,0.0196,0.1248,0.7532,0.0147,0.1198
21,auroc_only,22,"log((bilirubin + sqrt(sqrt(respiratoryrate) * bun)) / (((pf_ratio / ((lactate_max + intubated) + vent)) / age_numeric) * min(map_mean, platelets_min)))",0.7244,0.0196,0.1248,0.7532,0.0147,0.1198
21,brier_only,22,"log((bilirubin + sqrt(sqrt(respiratoryrate) * bun)) / (((pf_ratio / ((lactate_max + intubated) + vent)) / age_numeric) * min(map_mean, platelets_min)))",0.7244,0.0196,0.1248,0.7532,0.0147,0.1198
22,auroc_minus_half_ece,22,"(sqrt(sqrt(bun / pf_ratio) * (bilirubin + lactate_max)) - ((pf_ratio_miss / exp(vent)) + (min(platelets_min, map_mean) / age_numeric))) - 1.223087",0.7667,0.0266,0.1197,0.7384,0.0083,0.1234
22,auroc_only,22,"(sqrt(sqrt(bun / pf_ratio) * (bilirubin + lactate_max)) - ((pf_ratio_miss / exp(vent)) + (min(platelets_min, map_mean) / age_numeric))) - 1.223087",0.7667,0.0266,0.1197,0.7384,0.0083,0.1234
22,brier_only,24,"sqrt(sqrt((bun + respiratoryrate) / pf_ratio) * (lactate_max + bilirubin)) - ((min(map_mean, platelets_min) / age_numeric) + ((pf_ratio_miss / exp(vent)) - -1.4547998))",0.7639,0.0216,0.1195,0.7409,0.0122,0.123
23,auroc_minus_half_ece,17,"log(((lactate_max / ((pf_ratio * 0.40745285) / age_numeric)) + vent) * (sqrt(bun) / min(map_mean, platelets_min)))",0.7356,0.0066,0.1203,0.7266,0.0193,0.1231
23,auroc_only,23,"log((max(sqrt(bun), bilirubin) * ((lactate_max + intubated) + vent)) / (min(platelets_min, map_mean) / (age_numeric / min(glucose, pf_ratio * 0.46800056))))",0.7392,0.0206,0.1196,0.7415,0.0158,0.1212
23,brier_only,23,"log((max(sqrt(bun), bilirubin) * ((lactate_max + intubated) + vent)) / (min(platelets_min, map_mean) / (age_numeric / min(glucose, pf_ratio * 0.46800056))))",0.7392,0.0206,0.1196,0.7415,0.0158,0.1212
24,auroc_minus_half_ece,24,sqrt((((respiratoryrate / gcs_total) + ((lactate_max + (pf_ratio_miss + (heartrate / hematocrit))) * 1.6633587)) / (map_mean / age_numeric)) + bilirubin) - (pf_ratio_miss - -4.8579535),0.7527,0.0151,0.1175,0.7282,0.0172,0.125
24,auroc_only,23,sqrt(bilirubin + ((exp(pf_ratio_miss + vent) + (((heartrate / hematocrit) + lactate_max) * 1.6087472)) / (map_mean / age_numeric))) - (pf_ratio_miss - -4.679979),0.7537,0.0208,0.1196,0.7286,0.0183,0.1245
24,brier_only,24,sqrt((((respiratoryrate / gcs_total) + ((lactate_max + (pf_ratio_miss + (heartrate / hematocrit))) * 1.6633587)) / (map_mean / age_numeric)) + bilirubin) - (pf_ratio_miss - -4.8579535),0.7527,0.0151,0.1175,0.7282,0.0172,0.125
25,auroc_minus_half_ece,17,"log(((sqrt(bun) * age_numeric) / (map_mean / ((vent + lactate_max) + intubated))) / min(map_mean, platelets_min))",0.7231,0.0209,0.1218,0.7618,0.0157,0.1174
25,auroc_only,24,"((age_numeric * ((heartrate / map_mean) + max(intubated, vent))) * 0.010701869) + log(((lactate_max + bilirubin) + vasopressor_24h) / (gcs_total + min(map_mean, platelets_min)))",0.7237,0.0287,0.1203,0.7526,0.0134,0.1193
25,brier_only,24,"((age_numeric * ((heartrate / map_mean) + max(intubated, vent))) * 0.010701869) + log(((lactate_max + bilirubin) + vasopressor_24h) / (gcs_total + min(map_mean, platelets_min)))",0.7237,0.0287,0.1203,0.7526,0.0134,0.1193
26,auroc_minus_half_ece,24,"max(lactate_max / log(glucose), intubated) - log(sqrt(min(platelets_min, ((gcs_total * pf_ratio) / bun) / bilirubin)) * (map_mean / (age_numeric - ph)))",0.7147,0.0154,0.1236,0.7428,0.0136,0.1218
26,auroc_only,22,"max(intubated, lactate_max / log(glucose)) - log((sqrt((gcs_total * platelets_min) / (bun * (heartrate / pf_ratio))) * map_mean) / age_numeric)",0.7174,0.022,0.1236,0.7385,0.0198,0.1223
26,brier_only,22,"max(intubated, lactate_max / log(glucose)) - log((sqrt((gcs_total * platelets_min) / (bun * (heartrate / pf_ratio))) * map_mean) / age_numeric)",0.7174,0.022,0.1236,0.7385,0.0198,0.1223
27,auroc_minus_half_ece,15,"((min(platelets_min, map_mean) * (-2.0788014 / (age_numeric + bun))) + (lactate_max * 0.17435071)) - pf_ratio_miss",0.7753,0.0152,0.1177,0.7224,0.0122,0.1253
27,auroc_only,15,"((min(platelets_min, map_mean) * (-2.0788014 / (age_numeric + bun))) + (lactate_max * 0.17435071)) - pf_ratio_miss",0.7753,0.0152,0.1177,0.7224,0.0122,0.1253
27,brier_only,23,"((-3.4427705 / (bun + (age_numeric + respiratoryrate))) * (min(platelets_min, map_mean) - bilirubin)) - ((lactate_max * -0.16625997) + min(0.7284398 - vent, pf_ratio_miss))",0.7701,0.0187,0.1162,0.7326,0.0266,0.1248
28,auroc_minus_half_ece,23,"((((age_numeric * sqrt(vent + lactate_max)) / map_mean) - 2.3475995) - ((pf_ratio_miss + log(min(pf_ratio, platelets_min) / bun)) * 0.5445543)) / 1.1457375",0.7624,0.0141,0.118,0.7395,0.0096,0.1208
28,auroc_only,20,"(((age_numeric * sqrt(vent + lactate_max)) / map_mean) - ((pf_ratio_miss + min(2.6528618, platelets_min / bun)) * 0.57836014)) + -1.468132",0.7642,0.0241,0.1186,0.7282,0.0102,0.1217
28,brier_only,23,"((((age_numeric * sqrt(vent + lactate_max)) / map_mean) - 2.3475995) - ((pf_ratio_miss + log(min(pf_ratio, platelets_min) / bun)) * 0.5445543)) / 1.1457375",0.7624,0.0141,0.118,0.7395,0.0096,0.1208
29,auroc_minus_half_ece,23,"((max(intubated, vent) + (((age_numeric - (min(map_mean, platelets_min) - respiratoryrate)) / temperature) + sqrt(bilirubin + lactate_max))) - log(pf_ratio)) * 0.76380485",0.7018,0.0232,0.1251,0.7678,0.0148,0.1185
29,auroc_only,22,"(((max(vent, intubated) + sqrt(lactate_max + bilirubin)) + ((age_numeric - (min(platelets_min, map_mean) - respiratoryrate)) / temperature)) - 5.1354938) * 0.80079585",0.7039,0.0385,0.125,0.7569,0.0124,0.1198
29,brier_only,22,"(((max(vent, intubated) + sqrt(lactate_max + bilirubin)) + ((age_numeric - (min(platelets_min, map_mean) - respiratoryrate)) / temperature)) - 5.1354938) * 0.80079585",0.7039,0.0385,0.125,0.7569,0.0124,0.1198
30,auroc_minus_half_ece,18,"((sqrt(vent + lactate_max) + -1.9045843) - min(gcs_total / bun, pf_ratio_miss)) - (min(map_mean, platelets_min) / age_numeric)",0.7217,0.014,0.1242,0.7553,0.0125,0.12
30,auroc_only,18,"((sqrt(vent + lactate_max) + -1.9045843) - min(gcs_total / bun, pf_ratio_miss)) - (min(map_mean, platelets_min) / age_numeric)",0.7217,0.014,0.1242,0.7553,0.0125,0.12
30,brier_only,24,(sqrt((lactate_max + exp(vent)) + vasopressor_24h) + log(sqrt(bun))) + ((-26.37945 / (log(age_numeric) + (bilirubin / gcs_total))) + (heartrate / pf_ratio)),0.7208,0.0184,0.1238,0.7529,0.0173,0.1217
