label,auroc,auprc,brier,brier_skill_pct,ece_10bin,cal_slope,cal_intercept,sensitivity,specificity,f1,fitness,threshold,model,run,seed
GP,0.7456,0.397,0.1045,13.1,0.03,1.0293,-0.1874,0.5833,0.7757,0.3939,0.7306,0.194,GP,1,0
LR,0.7687,0.4187,0.1883,-56.5,0.2696,0.8722,-1.8008,0.7311,0.6833,0.3975,0.634,0.4543,LR,1,0
RF,0.7906,0.4478,0.1209,-0.5,0.1426,1.4407,-0.7427,0.7311,0.724,0.4265,0.7194,0.317,RF,1,0
XGB,0.7718,0.4262,0.1423,-18.3,0.1669,0.7789,-1.364,0.6136,0.8065,0.4378,0.6883,0.4616,XGB,1,0
LR_platt,0.7687,0.4187,0.1031,14.3,0.0317,0.958,-0.3288,0.7311,0.6833,0.3975,0.7529,0.1541,LR_platt,1,0
RF_platt,0.7906,0.4478,0.0999,17.0,0.0328,1.0235,-0.2688,0.7311,0.724,0.4265,0.7743,0.1759,RF_platt,1,0
APACHE-IV,0.6918,0.3483,0.1256,-4.9,0.0832,0.3822,-1.2343,0.5519,0.7641,0.3664,0.6502,0.2616,APACHE-IV,1,0
GP,0.7514,0.4389,0.1157,15.3,0.0119,1.104,0.1569,0.6667,0.7065,0.4204,0.7454,0.1609,GP,2,1
LR,0.7756,0.4587,0.172,-25.9,0.2272,0.9502,-1.4754,0.7095,0.7209,0.4519,0.662,0.444,LR,2,1
RF,0.7771,0.4663,0.1231,9.9,0.0991,1.3728,-0.3769,0.75,0.6684,0.4348,0.7275,0.2676,RF,2,1
XGB,0.7529,0.4219,0.1384,-1.3,0.113,0.7266,-1.0108,0.5833,0.7803,0.4306,0.6964,0.3685,XGB,2,1
LR_platt,0.7756,0.4587,0.1135,16.9,0.0183,1.05,0.1687,0.7095,0.7209,0.4519,0.7665,0.1457,LR_platt,2,1
RF_platt,0.7771,0.4663,0.1127,17.5,0.0147,0.9968,0.109,0.75,0.6684,0.4348,0.7697,0.133,RF_platt,2,1
APACHE-IV,0.7043,0.3555,0.1243,4.9,0.0515,0.4669,-0.929,0.6403,0.7024,0.392,0.6786,0.1817,APACHE-IV,2,1
GP,0.7496,0.4589,0.1181,15.9,0.0196,1.104,0.2007,0.6554,0.6961,0.416,0.7399,0.1577,GP,3,2
LR,0.7776,0.4687,0.1804,-28.6,0.2372,0.9508,-1.512,0.7455,0.6934,0.4581,0.6591,0.4442,LR,3,2
RF,0.7804,0.4733,0.1286,8.4,0.1109,1.4569,-0.3984,0.7297,0.6966,0.4528,0.725,0.3012,RF,3,2
XGB,0.756,0.4539,0.142,-1.2,0.1179,0.7731,-0.9853,0.7117,0.6659,0.4242,0.697,0.2917,XGB,3,2
LR_platt,0.7776,0.4687,0.1162,17.2,0.0213,1.0655,0.1678,0.7455,0.6934,0.4581,0.767,0.1448,LR_platt,3,2
RF_platt,0.7804,0.4733,0.1159,17.4,0.0141,1.0652,0.1312,0.7297,0.6966,0.4528,0.7733,0.1612,RF_platt,3,2
APACHE-IV,0.7089,0.3781,0.1266,5.9,0.0538,0.4135,-0.9596,0.6704,0.6779,0.3993,0.682,0.1719,APACHE-IV,3,2
GP,0.7605,0.4575,0.1201,15.9,0.0101,1.1382,0.2623,0.6144,0.777,0.4579,0.7554,0.1861,GP,4,3
LR,0.7784,0.487,0.1853,-29.7,0.2448,0.9648,-1.5428,0.627,0.7907,0.4768,0.656,0.5358,LR,4,3
RF,0.7913,0.501,0.1268,11.2,0.1064,1.5091,-0.3463,0.6458,0.7973,0.4934,0.7381,0.3491,RF,4,3
XGB,0.7611,0.4552,0.1467,-2.7,0.1341,0.8012,-1.0411,0.8182,0.5618,0.4176,0.694,0.2487,XGB,4,3
LR_platt,0.7784,0.487,0.1164,18.5,0.0121,1.0669,0.1451,0.627,0.7907,0.4768,0.7723,0.1897,LR_platt,4,3
RF_platt,0.7913,0.501,0.1146,19.8,0.0166,1.091,0.1824,0.6458,0.7973,0.4934,0.783,0.2065,RF_platt,4,3
APACHE-IV,0.7102,0.4254,0.1316,9.4,0.0485,0.422,-0.8586,0.5738,0.774,0.4364,0.6859,0.2444,APACHE-IV,4,3
GP,0.757,0.4525,0.1261,15.0,0.0107,1.1056,0.1826,0.7005,0.6766,0.4431,0.7516,0.1636,GP,5,4
LR,0.7671,0.4805,0.2016,-35.9,0.2615,0.9112,-1.5814,0.7088,0.6936,0.4583,0.6363,0.4979,LR,5,4
RF,0.7812,0.5002,0.1362,8.2,0.1211,1.4875,-0.4686,0.6703,0.7574,0.4846,0.7206,0.3542,RF,5,4
XGB,0.7691,0.4954,0.1515,-2.1,0.1422,0.8352,-1.0483,0.739,0.6535,0.4472,0.698,0.3291,XGB,5,4
LR_platt,0.7671,0.4805,0.1227,17.3,0.0132,1.0172,0.0448,0.7088,0.6936,0.4583,0.7605,0.1672,LR_platt,5,4
RF_platt,0.7812,0.5002,0.1204,18.9,0.0163,1.061,0.0421,0.6703,0.7574,0.4846,0.773,0.2103,RF_platt,5,4
APACHE-IV,0.7114,0.4081,0.1421,6.0,0.0633,0.4416,-0.8312,0.5959,0.752,0.444,0.6797,0.2673,APACHE-IV,5,4
GP,0.7526,0.45,0.1211,15.0,0.0171,1.0747,0.1722,0.5971,0.7652,0.4378,0.7441,0.18,GP,6,5
LR,0.7835,0.4932,0.1808,-26.9,0.2358,0.9405,-1.5134,0.713,0.7297,0.4731,0.6656,0.4843,LR,6,5
RF,0.7954,0.4951,0.1259,11.6,0.1025,1.5485,-0.2798,0.7652,0.6857,0.4668,0.7441,0.2861,RF,6,5
XGB,0.7668,0.458,0.1396,2.0,0.1163,0.7944,-0.9573,0.7043,0.6984,0.4463,0.7087,0.3177,XGB,6,5
LR_platt,0.7835,0.4932,0.1156,18.8,0.0146,1.0474,0.145,0.713,0.7297,0.4731,0.7762,0.1626,LR_platt,6,5
RF_platt,0.7954,0.4951,0.1152,19.1,0.0135,1.132,0.2841,0.7652,0.6857,0.4668,0.7886,0.1481,RF_platt,6,5
APACHE-IV,0.7073,0.3824,0.1338,6.4,0.0518,0.4216,-0.8752,0.5498,0.789,0.4296,0.6814,0.2528,APACHE-IV,6,5
GP,0.7457,0.4342,0.1191,14.4,0.0141,1.0786,0.1844,0.7049,0.6488,0.4079,0.7386,0.139,GP,7,6
LR,0.7665,0.4359,0.1882,-35.3,0.2452,0.8642,-1.5535,0.623,0.771,0.4506,0.6439,0.5307,LR,7,6
RF,0.7831,0.4366,0.1279,8.1,0.104,1.3925,-0.4166,0.7514,0.686,0.453,0.7311,0.2876,RF,7,6
XGB,0.7424,0.3928,0.1508,-8.4,0.1359,0.7089,-1.1025,0.694,0.6707,0.4161,0.6745,0.3211,XGB,7,6
LR_platt,0.7665,0.4359,0.118,15.2,0.0103,0.9454,-0.0632,0.623,0.771,0.4506,0.7614,0.1879,LR_platt,7,6
RF_platt,0.7831,0.4366,0.1168,16.0,0.0137,0.9844,0.0342,0.7514,0.686,0.453,0.7763,0.1489,RF_platt,7,6
APACHE-IV,0.7269,0.3918,0.1283,7.2,0.0472,0.5045,-0.8365,0.5621,0.8093,0.4458,0.7033,0.2747,APACHE-IV,7,6
GP,0.7325,0.4282,0.1396,11.9,0.0299,0.9451,0.068,0.781,0.5513,0.4334,0.7175,0.1317,GP,8,7
LR,0.7648,0.4774,0.2015,-27.2,0.2469,0.8428,-1.4598,0.8021,0.5961,0.4659,0.6414,0.4321,LR,8,7
RF,0.7657,0.4763,0.1418,10.5,0.0935,1.2995,-0.3735,0.6623,0.7383,0.486,0.719,0.3328,RF,8,7
XGB,0.7456,0.4618,0.157,0.9,0.1143,0.6799,-0.9386,0.7625,0.5935,0.4467,0.6884,0.2656,XGB,8,7
LR_platt,0.7648,0.4774,0.1334,15.8,0.0285,0.9396,0.0649,0.8021,0.5961,0.4659,0.7505,0.1338,LR_platt,8,7
RF_platt,0.7657,0.4763,0.1335,15.8,0.025,0.9281,0.071,0.6623,0.7383,0.486,0.7532,0.1895,RF_platt,8,7
APACHE-IV,0.6767,0.3671,0.1534,3.0,0.0584,0.2704,-0.942,0.6545,0.6515,0.4256,0.6475,0.1836,APACHE-IV,8,7
GP,0.7589,0.4185,0.1012,15.0,0.0235,1.1238,-0.0122,0.7235,0.6734,0.3846,0.7472,0.1475,GP,9,8
LR,0.7546,0.4187,0.1857,-56.0,0.2644,0.8619,-1.7671,0.6872,0.6904,0.3796,0.6225,0.4598,LR,9,8
RF,0.7893,0.4424,0.1188,0.1,0.1402,1.4971,-0.6521,0.7095,0.7271,0.4157,0.7192,0.3163,RF,9,8
XGB,0.7447,0.4066,0.1406,-18.2,0.1577,0.7578,-1.3044,0.6927,0.6662,0.3669,0.6659,0.3252,XGB,9,8
LR_platt,0.7546,0.4187,0.1021,14.2,0.0298,0.9816,-0.2879,0.6872,0.6904,0.3796,0.7397,0.1613,LR_platt,9,8
RF_platt,0.7893,0.4424,0.099,16.8,0.0306,1.0756,-0.1507,0.7095,0.7271,0.4157,0.774,0.1766,RF_platt,9,8
APACHE-IV,0.7128,0.3492,0.1189,0.5,0.0798,0.5098,-1.0666,0.5587,0.7918,0.392,0.6729,0.2795,APACHE-IV,9,8
GP,0.7114,0.3582,0.1171,9.8,0.0211,0.9533,-0.0508,0.756,0.5357,0.3501,0.7009,0.1179,GP,10,9
LR,0.7503,0.4164,0.1748,-34.7,0.2301,0.8565,-1.5176,0.6898,0.695,0.4089,0.6353,0.4437,LR,10,9
RF,0.7674,0.4286,0.1212,6.7,0.104,1.3584,-0.4291,0.6657,0.725,0.4182,0.7154,0.2954,RF,10,9
XGB,0.7363,0.4018,0.1396,-7.6,0.1248,0.709,-1.1097,0.753,0.5788,0.3693,0.6739,0.232,XGB,10,9
LR_platt,0.7503,0.4164,0.1112,14.4,0.0098,0.9551,-0.0335,0.6898,0.695,0.4089,0.7454,0.1472,LR_platt,10,9
RF_platt,0.7674,0.4286,0.1098,15.4,0.0109,0.9688,0.0203,0.6657,0.725,0.4182,0.7619,0.1566,RF_platt,10,9
APACHE-IV,0.6896,0.3412,0.1289,2.1,0.0587,0.4093,-1.0007,0.6415,0.6593,0.3682,0.6603,0.1745,APACHE-IV,10,9
GP,0.7414,0.4246,0.1234,13.4,0.0102,1.0362,0.098,0.706,0.6561,0.4203,0.7363,0.1492,GP,11,10
LR,0.7708,0.4569,0.1795,-26.0,0.2318,0.905,-1.4716,0.6877,0.7134,0.4486,0.6549,0.4582,LR,11,10
RF,0.7891,0.4767,0.1264,11.3,0.0963,1.4565,-0.3174,0.748,0.6927,0.4638,0.741,0.288,RF,11,10
XGB,0.7628,0.4403,0.1454,-2.1,0.1279,0.7501,-1.0427,0.7349,0.6561,0.4338,0.6989,0.2996,XGB,11,10
LR_platt,0.7708,0.4569,0.1188,16.6,0.0164,1.0172,0.1385,0.6877,0.7134,0.4486,0.7626,0.1504,LR_platt,11,10
RF_platt,0.7891,0.4767,0.1163,18.4,0.0183,1.0464,0.1809,0.748,0.6927,0.4638,0.78,0.1495,RF_platt,11,10
APACHE-IV,0.7044,0.3677,0.1363,4.6,0.0472,0.4044,-0.9165,0.6704,0.6733,0.4142,0.6808,0.1836,APACHE-IV,11,10
GP,0.7245,0.4138,0.1377,11.1,0.0197,0.9545,0.0646,0.6667,0.6657,0.4333,0.7147,0.165,GP,12,11
LR,0.7645,0.4524,0.198,-27.8,0.2446,0.871,-1.4477,0.7469,0.6745,0.4787,0.6422,0.4626,LR,12,11
RF,0.7719,0.4676,0.138,10.9,0.0919,1.3096,-0.3575,0.6605,0.7593,0.4937,0.726,0.3406,RF,12,11
XGB,0.7606,0.4789,0.1507,2.7,0.117,0.7546,-0.9248,0.6358,0.744,0.4682,0.7021,0.371,XGB,12,11
LR_platt,0.7645,0.4524,0.1319,14.9,0.0242,0.975,0.1239,0.7469,0.6745,0.4787,0.7524,0.1485,LR_platt,12,11
RF_platt,0.7719,0.4676,0.1299,16.1,0.0303,0.9673,0.1423,0.6605,0.7593,0.4937,0.7568,0.1961,RF_platt,12,11
APACHE-IV,0.6846,0.3603,0.1443,3.4,0.0571,0.3365,-0.9595,0.5373,0.7788,0.4254,0.6561,0.2665,APACHE-IV,12,11
GP,0.7361,0.4414,0.1265,13.8,0.0088,0.9997,0.018,0.6411,0.7088,0.4301,0.7317,0.1761,GP,13,12
LR,0.7514,0.4514,0.2033,-38.6,0.2606,0.7999,-1.5713,0.7096,0.6694,0.4394,0.6211,0.4696,LR,13,12
RF,0.7736,0.4592,0.1361,7.2,0.1135,1.3109,-0.5398,0.6493,0.7552,0.4679,0.7168,0.346,RF,13,12
XGB,0.7554,0.4417,0.1556,-6.1,0.1404,0.7026,-1.1006,0.6137,0.7689,0.4585,0.6852,0.4203,XGB,13,12
LR_platt,0.7514,0.4514,0.1245,15.1,0.0116,0.8919,-0.1525,0.7096,0.6694,0.4394,0.7455,0.1544,LR_platt,13,12
RF_platt,0.7736,0.4592,0.1225,16.5,0.0078,0.9595,-0.0609,0.6493,0.7552,0.4679,0.7697,0.2027,RF_platt,13,12
APACHE-IV,0.682,0.3771,0.1447,3.9,0.0609,0.3135,-0.9758,0.5103,0.8106,0.435,0.6515,0.3018,APACHE-IV,13,12
GP,0.7546,0.4794,0.1282,16.2,0.018,1.1058,0.2702,0.7006,0.669,0.4484,0.7456,0.1554,GP,14,13
LR,0.7684,0.5045,0.1932,-26.3,0.2425,0.8902,-1.486,0.6582,0.744,0.4769,0.6472,0.5178,LR,14,13
RF,0.7784,0.5151,0.1347,12.0,0.1018,1.3914,-0.3685,0.6476,0.7612,0.4841,0.7275,0.3418,RF,14,13
XGB,0.7477,0.4711,0.1536,-0.4,0.1192,0.7185,-0.9653,0.7665,0.593,0.4357,0.6881,0.262,XGB,14,13
LR_platt,0.7684,0.5045,0.125,18.3,0.0213,0.9962,0.1281,0.6582,0.744,0.4769,0.7578,0.174,LR_platt,14,13
RF_platt,0.7784,0.5151,0.124,19.0,0.0164,1.0092,0.139,0.6476,0.7612,0.4841,0.7702,0.1968,RF_platt,14,13
APACHE-IV,0.7194,0.4324,0.1379,8.1,0.0543,0.4806,-0.801,0.693,0.6505,0.4272,0.6922,0.1893,APACHE-IV,14,13
GP,0.7409,0.4167,0.1264,12.7,0.0189,1.0057,0.0756,0.7249,0.6343,0.4215,0.7315,0.1442,GP,15,14
LR,0.7681,0.4712,0.1939,-33.8,0.2544,0.9067,-1.5581,0.7609,0.6639,0.4561,0.6409,0.4595,LR,15,14
RF,0.7763,0.4581,0.1347,7.0,0.1148,1.3815,-0.4893,0.7429,0.6732,0.4537,0.7189,0.3013,RF,15,14
XGB,0.7525,0.4626,0.1523,-5.1,0.1419,0.7614,-1.0833,0.6041,0.7752,0.4545,0.6815,0.4221,XGB,15,14
LR_platt,0.7681,0.4712,0.1203,17.0,0.0118,1.027,0.0732,0.7609,0.6639,0.4561,0.7622,0.1503,LR_platt,15,14
RF_platt,0.7763,0.4581,0.1211,16.4,0.0231,0.988,-0.0173,0.7429,0.6732,0.4537,0.7648,0.1604,RF_platt,15,14
APACHE-IV,0.7004,0.3955,0.1393,5.6,0.061,0.4039,-0.9067,0.5691,0.7636,0.4302,0.6699,0.2687,APACHE-IV,15,14
GP,0.7494,0.4201,0.1161,14.0,0.0125,1.1376,0.2062,0.6959,0.682,0.4151,0.7431,0.1531,GP,16,15
LR,0.7705,0.4552,0.1887,-39.7,0.2596,0.9801,-1.6291,0.7577,0.6538,0.4255,0.6407,0.4483,LR,16,15
RF,0.7826,0.4599,0.1257,7.0,0.1154,1.4665,-0.4503,0.7165,0.7062,0.4413,0.7249,0.3001,RF,16,15
XGB,0.765,0.4527,0.1438,-6.4,0.1466,0.8329,-1.1328,0.7397,0.6474,0.4135,0.6917,0.3057,XGB,16,15
LR_platt,0.7705,0.4552,0.1124,16.8,0.0165,1.1013,0.0891,0.7577,0.6538,0.4255,0.7622,0.1488,LR_platt,16,15
RF_platt,0.7826,0.4599,0.1116,17.4,0.0109,1.0635,0.0654,0.7165,0.7062,0.4413,0.7771,0.1607,RF_platt,16,15
APACHE-IV,0.7121,0.3805,0.1246,6.2,0.0614,0.4774,-0.9389,0.5902,0.7782,0.4252,0.6814,0.2505,APACHE-IV,16,15
GP,0.7522,0.4862,0.1302,16.2,0.0192,1.1386,0.3463,0.6812,0.7012,0.4642,0.7426,0.1643,GP,17,16
LR,0.7816,0.5286,0.1886,-21.3,0.2383,0.9957,-1.4617,0.7295,0.6983,0.4871,0.6625,0.4728,LR,17,16
RF,0.7815,0.5123,0.1353,13.0,0.0948,1.4187,-0.2993,0.6957,0.7317,0.4932,0.7341,0.3229,RF,17,16
XGB,0.7577,0.4775,0.152,2.2,0.1152,0.7648,-0.9111,0.7053,0.677,0.4609,0.7001,0.328,XGB,17,16
LR_platt,0.7816,0.5286,0.1249,19.6,0.0229,1.1191,0.3523,0.7295,0.6983,0.4871,0.7702,0.1522,LR_platt,17,16
RF_platt,0.7815,0.5123,0.1263,18.7,0.0226,1.0386,0.2359,0.6957,0.7317,0.4932,0.7702,0.1784,RF_platt,17,16
APACHE-IV,0.7187,0.4272,0.1421,7.6,0.0575,0.4904,-0.7563,0.6045,0.7466,0.4502,0.6899,0.2638,APACHE-IV,17,16
GP,0.7439,0.4259,0.1257,13.4,0.0112,1.0529,0.1102,0.748,0.6139,0.421,0.7383,0.1444,GP,18,17
LR,0.7658,0.4666,0.2025,-39.5,0.2672,0.8776,-1.5992,0.6982,0.7138,0.4598,0.6322,0.5056,LR,18,17
RF,0.7704,0.4602,0.1353,6.8,0.1146,1.341,-0.5002,0.6378,0.7716,0.4714,0.7131,0.3489,RF,18,17
XGB,0.762,0.4517,0.1478,-1.8,0.1322,0.7645,-1.0391,0.6588,0.7407,0.4589,0.6959,0.3755,XGB,18,17
LR_platt,0.7658,0.4666,0.1213,16.4,0.0095,0.9716,-0.0499,0.6982,0.7138,0.4598,0.7611,0.1715,LR_platt,18,17
RF_platt,0.7704,0.4602,0.1218,16.0,0.0175,0.9638,-0.0347,0.6378,0.7716,0.4714,0.7617,0.2057,RF_platt,18,17
APACHE-IV,0.7033,0.3564,0.1315,5.1,0.0545,0.4489,-0.8993,0.575,0.7601,0.4139,0.6761,0.2463,APACHE-IV,18,17
GP,0.7322,0.3982,0.1096,12.7,0.0213,1.0316,-0.1312,0.6903,0.6468,0.3694,0.7215,0.1531,GP,19,18
LR,0.765,0.4227,0.191,-52.2,0.2676,0.8684,-1.7453,0.7345,0.659,0.3959,0.6312,0.4436,LR,19,18
RF,0.7666,0.4249,0.1268,-1.0,0.1379,1.3414,-0.7271,0.6593,0.7323,0.4108,0.6976,0.3317,RF,19,18
XGB,0.7585,0.4178,0.1438,-14.5,0.1565,0.7723,-1.267,0.7168,0.6621,0.3901,0.6802,0.3111,XGB,19,18
LR_platt,0.765,0.4227,0.1077,14.2,0.0265,0.968,-0.2747,0.7345,0.659,0.3959,0.7517,0.1516,LR_platt,19,18
RF_platt,0.7666,0.4249,0.1074,14.4,0.0267,0.9503,-0.2931,0.6593,0.7323,0.4108,0.7532,0.1907,RF_platt,19,18
APACHE-IV,0.6869,0.3254,0.1292,-3.5,0.0795,0.341,-1.2183,0.6793,0.6337,0.3557,0.6472,0.1731,APACHE-IV,19,18
GP,0.7412,0.4332,0.1209,14.3,0.0086,1.0193,-0.0056,0.7218,0.6311,0.4097,0.7369,0.1493,GP,20,19
LR,0.7818,0.4804,0.1925,-36.4,0.2588,0.9345,-1.6391,0.7107,0.7225,0.4636,0.6524,0.4981,LR,20,19
RF,0.7748,0.477,0.1307,7.4,0.1139,1.3203,-0.5521,0.6804,0.7078,0.4379,0.7179,0.3131,RF,20,19
XGB,0.7555,0.4481,0.1495,-6.0,0.1375,0.7277,-1.1123,0.7493,0.6193,0.4153,0.6868,0.2836,XGB,20,19
LR_platt,0.7818,0.4804,0.1153,18.3,0.0113,1.0347,-0.0012,0.7107,0.7225,0.4636,0.7761,0.1694,LR_platt,20,19
RF_platt,0.7748,0.477,0.1162,17.6,0.0189,0.9499,-0.0916,0.6804,0.7078,0.4379,0.7654,0.1711,RF_platt,20,19
APACHE-IV,0.7066,0.3659,0.1315,3.5,0.063,0.3921,-1.0255,0.6601,0.6927,0.4073,0.6751,0.2055,APACHE-IV,20,19
GP,0.7336,0.4537,0.1279,14.5,0.0094,0.9982,0.0397,0.5504,0.7994,0.4502,0.7289,0.2075,GP,21,20
LR,0.761,0.4643,0.2082,-39.1,0.2678,0.8353,-1.5992,0.6885,0.6912,0.4492,0.6271,0.506,LR,21,20
RF,0.7637,0.4604,0.1414,5.5,0.1196,1.2666,-0.6009,0.6932,0.6801,0.4444,0.7039,0.3218,RF,21,20
XGB,0.742,0.4479,0.1627,-8.8,0.1451,0.6894,-1.105,0.6768,0.6686,0.4291,0.6695,0.3496,XGB,21,20
LR_platt,0.761,0.4643,0.1262,15.6,0.0161,0.925,-0.116,0.6885,0.6912,0.4492,0.753,0.1706,LR_platt,21,20
RF_platt,0.7637,0.4604,0.1267,15.3,0.027,0.9066,-0.1649,0.6932,0.6801,0.4444,0.7502,0.1789,RF_platt,21,20
APACHE-IV,0.6814,0.3902,0.1491,1.9,0.0774,0.2761,-1.0414,0.6357,0.6691,0.4134,0.6427,0.2137,APACHE-IV,21,20
GP,0.7121,0.4112,0.1245,12.0,0.0212,0.9477,-0.0068,0.5723,0.7586,0.4168,0.7015,0.1756,GP,22,21
LR,0.7533,0.4404,0.182,-28.6,0.2303,0.856,-1.4591,0.6549,0.7392,0.448,0.6382,0.4794,LR,22,21
RF,0.7559,0.4336,0.1315,7.1,0.0985,1.1848,-0.53,0.708,0.6555,0.4185,0.7066,0.2772,RF,22,21
XGB,0.7469,0.4373,0.1454,-2.8,0.1205,0.7115,-1.0328,0.6047,0.7653,0.4404,0.6867,0.3707,XGB,22,21
LR_platt,0.7533,0.4404,0.1202,15.0,0.0169,0.9536,0.0519,0.6549,0.7392,0.448,0.7449,0.1599,LR_platt,22,21
RF_platt,0.7559,0.4336,0.1211,14.4,0.0185,0.849,-0.1191,0.708,0.6555,0.4185,0.7466,0.1391,RF_platt,22,21
APACHE-IV,0.6866,0.3735,0.1344,4.9,0.0592,0.3889,-0.9476,0.6444,0.6692,0.3959,0.657,0.1795,APACHE-IV,22,21
GP,0.7612,0.4404,0.1137,15.7,0.0161,1.0538,-0.0386,0.6377,0.7435,0.4286,0.7532,0.1861,GP,23,22
LR,0.7818,0.467,0.2005,-48.6,0.2785,0.9003,-1.7695,0.6707,0.7699,0.4672,0.6425,0.554,LR,23,22
RF,0.795,0.4787,0.1279,5.2,0.1324,1.4838,-0.6016,0.7515,0.7017,0.4543,0.7288,0.3198,RF,23,22
XGB,0.7741,0.4416,0.147,-8.9,0.1556,0.8131,-1.192,0.6886,0.7315,0.4457,0.6963,0.3735,XGB,23,22
LR_platt,0.7818,0.467,0.1115,17.4,0.0248,1.0031,-0.1995,0.6707,0.7699,0.4672,0.7694,0.2025,LR_platt,23,22
RF_platt,0.795,0.4787,0.1095,18.9,0.0234,1.0749,-0.0817,0.7515,0.7017,0.4543,0.7833,0.1784,RF_platt,23,22
APACHE-IV,0.7234,0.411,0.1315,3.7,0.0716,0.4848,-0.9651,0.6038,0.7479,0.4169,0.6877,0.2673,APACHE-IV,23,22
GP,0.7571,0.4705,0.1232,16.3,0.013,1.1298,0.1874,0.6682,0.7149,0.4496,0.7506,0.1755,GP,24,23
LR,0.7703,0.481,0.2053,-39.4,0.2729,0.9421,-1.6498,0.6148,0.7803,0.4694,0.6338,0.5718,LR,24,23
RF,0.7814,0.488,0.1357,7.8,0.1209,1.4248,-0.5182,0.7053,0.7012,0.4592,0.721,0.3267,RF,24,23
XGB,0.7695,0.4757,0.1522,-3.4,0.1453,0.8085,-1.0817,0.5986,0.793,0.4704,0.6969,0.4534,XGB,24,23
LR_platt,0.7703,0.481,0.1214,17.6,0.011,1.0564,0.0371,0.6148,0.7803,0.4694,0.7648,0.2077,LR_platt,24,23
RF_platt,0.7814,0.488,0.1202,18.4,0.021,1.0235,-0.0189,0.7053,0.7012,0.4592,0.7709,0.1831,RF_platt,24,23
APACHE-IV,0.7084,0.3929,0.1398,5.3,0.0643,0.3859,-0.9334,0.6692,0.6957,0.4381,0.6762,0.2123,APACHE-IV,24,23
GP,0.7382,0.4387,0.1292,13.5,0.0132,1.047,0.1663,0.5371,0.8043,0.4454,0.7315,0.2085,GP,25,24
LR,0.7599,0.4535,0.1992,-33.3,0.2518,0.8453,-1.5161,0.5831,0.7998,0.4706,0.634,0.5745,LR,25,24
RF,0.7824,0.4626,0.1336,10.6,0.098,1.3982,-0.338,0.7698,0.6585,0.467,0.7334,0.2823,RF,25,24
XGB,0.7447,0.4398,0.1544,-3.4,0.128,0.7147,-1.0156,0.7136,0.647,0.4336,0.6807,0.3091,XGB,25,24
LR_platt,0.7599,0.4535,0.1269,15.1,0.0136,0.9505,0.0038,0.5831,0.7998,0.4706,0.7531,0.2088,LR_platt,25,24
RF_platt,0.7824,0.4626,0.1248,16.4,0.0227,1.0196,0.1602,0.7698,0.6585,0.467,0.7711,0.1457,RF_platt,25,24
APACHE-IV,0.7152,0.3788,0.1344,6.0,0.0534,0.4735,-0.8365,0.7147,0.6369,0.4142,0.6885,0.1731,APACHE-IV,25,24
GP,0.749,0.4314,0.1144,14.6,0.0197,1.1509,0.2516,0.7131,0.6391,0.3941,0.7391,0.139,GP,26,25
LR,0.7681,0.4652,0.1852,-38.3,0.2507,0.9345,-1.6179,0.6156,0.7836,0.4465,0.6427,0.5325,LR,26,25
RF,0.7854,0.4646,0.1241,7.4,0.1158,1.5413,-0.3953,0.727,0.6918,0.4336,0.7275,0.2926,RF,26,25
XGB,0.7555,0.4301,0.1438,-7.4,0.1392,0.7817,-1.1157,0.7187,0.6712,0.4161,0.6859,0.3082,XGB,26,25
LR_platt,0.7681,0.4652,0.1107,17.3,0.0102,1.0463,0.0118,0.6156,0.7836,0.4465,0.763,0.1913,LR_platt,26,25
RF_platt,0.7854,0.4646,0.1097,18.1,0.0145,1.1067,0.1299,0.727,0.6918,0.4336,0.7782,0.1537,RF_platt,26,25
APACHE-IV,0.7292,0.3895,0.1261,6.6,0.0512,0.5782,-0.7964,0.561,0.787,0.4201,0.7036,0.2662,APACHE-IV,26,25
GP,0.7374,0.4543,0.132,14.2,0.017,0.9831,0.0706,0.5791,0.7619,0.4464,0.7289,0.1941,GP,27,26
LR,0.757,0.476,0.2019,-31.2,0.2502,0.8124,-1.4981,0.7327,0.6439,0.4507,0.6319,0.4573,LR,27,26
RF,0.7656,0.486,0.1392,9.5,0.1044,1.2856,-0.4652,0.6169,0.7676,0.4731,0.7134,0.3569,RF,27,26
XGB,0.7646,0.4706,0.1522,1.1,0.1223,0.7656,-0.9576,0.735,0.6595,0.4612,0.7035,0.3058,XGB,27,26
LR_platt,0.757,0.476,0.1291,16.1,0.0223,0.9197,-0.0124,0.7327,0.6439,0.4507,0.7459,0.1459,LR_platt,27,26
RF_platt,0.7656,0.486,0.1279,16.9,0.0163,0.9331,0.0032,0.6169,0.7676,0.4731,0.7575,0.212,RF_platt,27,26
APACHE-IV,0.6932,0.4319,0.1494,5.9,0.0657,0.3762,-0.8463,0.6774,0.631,0.427,0.6603,0.1893,APACHE-IV,27,26
GP,0.7397,0.4215,0.1178,13.8,0.0177,1.0853,0.0863,0.7128,0.627,0.3937,0.7309,0.1469,GP,28,27
LR,0.7796,0.4585,0.1859,-36.0,0.2525,0.9731,-1.6045,0.7363,0.6893,0.4427,0.6533,0.4618,LR,28,27
RF,0.7715,0.4591,0.1285,6.0,0.1189,1.3734,-0.5311,0.7389,0.6561,0.4224,0.712,0.2864,RF,28,27
XGB,0.7656,0.4511,0.1425,-4.2,0.132,0.7733,-1.089,0.7232,0.6663,0.4216,0.6996,0.3014,XGB,28,27
LR_platt,0.7796,0.4585,0.1136,16.9,0.017,1.0835,0.0965,0.7363,0.6893,0.4427,0.7711,0.1535,LR_platt,28,27
RF_platt,0.7715,0.4591,0.1136,16.9,0.0156,1.0006,-0.0356,0.7389,0.6561,0.4224,0.7637,0.1481,RF_platt,28,27
APACHE-IV,0.6918,0.3615,0.1352,3.2,0.0672,0.3004,-1.0937,0.5393,0.7978,0.4243,0.6582,0.2754,APACHE-IV,28,27
GP,0.723,0.395,0.1238,11.6,0.0064,0.9536,-0.0559,0.7179,0.6086,0.3931,0.7198,0.1407,GP,29,28
LR,0.7639,0.4633,0.1882,-34.5,0.2482,0.8926,-1.5645,0.6467,0.7401,0.4412,0.6398,0.4984,LR,29,28
RF,0.7627,0.4619,0.131,6.4,0.1144,1.277,-0.5587,0.6952,0.7268,0.4565,0.7055,0.3122,RF,29,28
XGB,0.7606,0.4554,0.1457,-4.1,0.1348,0.7445,-1.1,0.5783,0.8133,0.4624,0.6932,0.4414,XGB,29,28
LR_platt,0.7639,0.4633,0.1165,16.8,0.0181,0.9816,-0.0148,0.6467,0.7401,0.4412,0.7549,0.17,LR_platt,29,28
RF_platt,0.7627,0.4619,0.117,16.4,0.0179,0.9236,-0.1063,0.6952,0.7268,0.4565,0.7537,0.1704,RF_platt,29,28
APACHE-IV,0.7013,0.3979,0.1346,5.2,0.0607,0.4705,-0.8703,0.6637,0.653,0.3971,0.671,0.1867,APACHE-IV,29,28
GP,0.7166,0.3563,0.1137,9.7,0.0195,0.9191,-0.2755,0.5851,0.7385,0.378,0.7068,0.1848,GP,30,29
LR,0.7454,0.3848,0.1907,-51.6,0.2563,0.7775,-1.6703,0.7163,0.6673,0.3938,0.6172,0.4412,LR,30,29
RF,0.7531,0.3775,0.1282,-1.9,0.1267,1.192,-0.7475,0.695,0.701,0.4062,0.6898,0.3089,RF,30,29
XGB,0.7545,0.3924,0.1429,-13.6,0.1427,0.7247,-1.2089,0.7979,0.6034,0.3903,0.6832,0.2547,XGB,30,29
LR_platt,0.7454,0.3848,0.1111,11.7,0.018,0.8608,-0.3372,0.7163,0.6673,0.3938,0.7364,0.1466,LR_platt,30,29
RF_platt,0.7531,0.3775,0.1113,11.5,0.0212,0.8548,-0.3396,0.695,0.701,0.4062,0.7425,0.1679,RF_platt,30,29
APACHE-IV,0.6628,0.2772,0.137,-6.1,0.0724,0.2733,-1.2413,0.6899,0.5889,0.347,0.6266,0.1444,APACHE-IV,30,29
